step,signed_mean,signed_sd,absolute_mean,absolute_sd
0,1.0,0.0,1.0,0.0
1,0.9842041107193261,0.0016528236641523094,0.9842041107193261,0.0016528236641523094
2,0.9641596609665338,0.0028017543750220326,0.9641596609665338,0.0028017543750220326
3,0.9456279353699845,0.003118281275261017,0.9456279353699845,0.003118281275261017
4,0.9243993890036077,0.0027171792197089348,0.9243993890036077,0.0027171792197089348
5,0.9042194520214105,0.002922904022858639,0.9042194520214105,0.002922904022858639
6,0.8831441322121835,0.0030546359565599038,0.8831441322121835,0.0030546359565599038
7,0.8630700288335892,0.0034257880034773576,0.8630700288335892,0.0034257880034773576
8,0.8419238912212469,0.0037447363737953495,0.8419238912212469,0.0037447363737953495
9,0.8211345014216885,0.004128488977365083,0.8211345014216885,0.004128488977365083
10,0.7999424664618368,0.004528139145443549,0.7999424664618368,0.004528139145443549
11,0.779372121393131,0.00542218025324672,0.779372121393131,0.00542218025324672
12,0.7581295700531822,0.005564220323312171,0.7581295700531822,0.005564220323312171
13,0.7376832481731265,0.0059959793022878035,0.7376832481731265,0.0059959793022878035
14,0.7162332308136284,0.0060432332328592036,0.7162332308136284,0.0060432332328592036
15,0.6957188818483394,0.006256567420226026,0.6957188818483394,0.006256567420226026
16,0.6749635744528836,0.006206338093179694,0.6749635744528836,0.006206338093179694
17,0.6540165371716063,0.006316269409253441,0.6540165371716063,0.006316269409253441
18,0.6330374332836375,0.006666291603009675,0.6330374332836375,0.006666291603009675
19,0.6124828563132023,0.007393720190809267,0.6124828563132023,0.007393720190809267
20,0.5915423260432098,0.007244485638301683,0.5915423260432098,0.007244485638301683
21,0.5705163316917325,0.006810710248402065,0.5705163316917325,0.006810710248402065
22,0.5501149398368491,0.007164834444043546,0.5501149398368491,0.007164834444043546
23,0.5290575161477159,0.007076224182453073,0.5290575161477159,0.007076224182453073
24,0.5085624111358064,0.007038956155531298,0.5085624111358064,0.007038956155531298
25,0.4879109860903283,0.007105465777664701,0.4879109860903283,0.007105465777664701
26,0.4673265140673704,0.007380612543995555,0.4673265140673704,0.007380612543995555
27,0.4465552592836017,0.007197728003308743,0.4465552592836017,0.007197728003308743
28,0.4247796538251701,0.007877868913647178,0.4247796538251701,0.007877868913647178
29,0.4034842404539145,0.008067160426093367,0.4034842404539145,0.008067160426093367
30,0.38279801328672375,0.007798426417617385,0.38279801328672375,0.007798426417617385
31,0.3617199750907078,0.00782356876972783,0.3617199750907078,0.00782356876972783
32,0.3407763928094298,0.007672762153484727,0.3407763928094298,0.007672762153484727
33,0.3194268035281255,0.007500866313812206,0.3194268035281255,0.007500866313812206
34,0.29913430646427736,0.0070944047457862005,0.29913430646427736,0.0070944047457862005
35,0.2780895415785795,0.007075679897541264,0.2780895415785795,0.007075679897541264
36,0.2564187808507558,0.007330159187413546,0.2564187808507558,0.007330159187413546
37,0.2356614507717241,0.006910330047274618,0.2356614507717241,0.006910330047274618
38,0.21455059063933213,0.006401939270088475,0.21455059063933213,0.006401939270088475
39,0.1937279531886191,0.006373647595543125,0.1937279531886191,0.006373647595543125
40,0.17290425321936073,0.006783181417843525,0.17290425321936073,0.006783181417843525
41,0.1521493674757098,0.006647333437734291,0.1521493674757098,0.006647333437734291
42,0.1310044997384322,0.007512443690520194,0.1310044997384322,0.007512443690520194
43,0.10963656882718942,0.007554664301655634,0.10963656882718942,0.007554664301655634
44,0.08895471658543286,0.007543763788458086,0.08895471658543286,0.007543763788458086
45,0.06784395145461997,0.0066375438815612425,0.06784395145461997,0.0066375438815612425
46,0.04697072971815708,0.006025303780147673,0.04697072971815708,0.006025303780147673
47,0.026247683427442773,0.00563814711694584,0.026247683427442773,0.00563814711694584
48,0.005288893585954173,0.005792891479165834,0.0061533952317086695,0.004771420394718573
49,-0.015512807450658693,0.006266630376334895,0.015512807450658693,0.006266630376334895
50,-0.0372019866531781,0.005783358369442568,0.0372019866531781,0.005783358369442568
51,-0.0580740782610896,0.0056384276885362685,0.0580740782610896,0.0056384276885362685
52,-0.07899585130066765,0.005728695922222414,0.07899585130066765,0.005728695922222414
53,-0.10109153344851174,0.006013955121785669,0.10109153344851174,0.006013955121785669
54,-0.12237162823481144,0.005785641957863387,0.12237162823481144,0.005785641957863387
55,-0.1439261675832731,0.005765385852240386,0.1439261675832731,0.005765385852240386
56,-0.16560072336396373,0.005800435660424695,0.16560072336396373,0.005800435660424695
57,-0.18682853484564246,0.005720442917029101,0.18682853484564246,0.005720442917029101
58,-0.20717817181914752,0.004696322100994275,0.20717817181914752,0.004696322100994275
59,-0.2288686578515093,0.0049920654339376865,0.2288686578515093,0.0049920654339376865
60,-0.2492651895413489,0.004701888765602102,0.2492651895413489,0.004701888765602102
61,-0.2697472633969745,0.003777656198120563,0.2697472633969745,0.003777656198120563
62,-0.2913199599575976,0.0043111517936330465,0.2913199599575976,0.0043111517936330465
63,-0.3129014062037925,0.0049593389076412345,0.3129014062037925,0.0049593389076412345
64,-0.33378800520691954,0.004947696832488529,0.33378800520691954,0.004947696832488529
65,-0.35471206049895376,0.005742242631879117,0.35471206049895376,0.005742242631879117
66,-0.3758343046878459,0.005388742805051391,0.3758343046878459,0.005388742805051391
67,-0.39717895830132693,0.006172838173563641,0.39717895830132693,0.006172838173563641
68,-0.4185811379909445,0.005669621475152143,0.4185811379909445,0.005669621475152143
69,-0.4404559404866771,0.004773135845671331,0.4404559404866771,0.004773135845671331
70,-0.4617730951131765,0.004175549643194282,0.4617730951131765,0.004175549643194282
71,-0.4824932111536544,0.003955187627238149,0.4824932111536544,0.003955187627238149
72,-0.5036401066720664,0.0034947812264748425,0.5036401066720664,0.0034947812264748425
73,-0.5250247120524533,0.0033510481725574277,0.5250247120524533,0.0033510481725574277
74,-0.545520545812168,0.003143221990919081,0.545520545812168,0.003143221990919081
75,-0.564525699499061,0.003273415543715496,0.564525699499061,0.003273415543715496
76,-0.5840404659548182,0.0022419018701772134,0.5840404659548182,0.0022419018701772134
77,-0.6034350770928388,0.0032525758396972798,0.6034350770928388,0.0032525758396972798
78,-0.6218664442015168,0.00289536545569767,0.6218664442015168,0.00289536545569767
79,-0.6389204890291054,0.003131775638014592,0.6389204890291054,0.003131775638014592
80,-0.655541202596657,0.004086493359953214,0.655541202596657,0.004086493359953214
81,-0.6712999904469593,0.004103773992964906,0.6712999904469593,0.004103773992964906
82,-0.6860912477302668,0.004014234313028918,0.6860912477302668,0.004014234313028918
83,-0.7010688448055039,0.004486521714533118,0.7010688448055039,0.004486521714533118
84,-0.7140430876677336,0.0043162882277192685,0.7140430876677336,0.0043162882277192685
85,-0.7267814641216898,0.003863961599912246,0.7267814641216898,0.003863961599912246
86,-0.738021237505743,0.004570128186859329,0.738021237505743,0.004570128186859329
87,-0.7484165903487257,0.004717786000173929,0.7484165903487257,0.004717786000173929
88,-0.7572505723503792,0.004352733105052735,0.7572505723503792,0.004352733105052735
89,-0.7645556718607175,0.004270431946980177,0.7645556718607175,0.004270431946980177
90,-0.7688353296522569,0.00418304760228937,0.7688353296522569,0.00418304760228937
91,-0.7705672235099774,0.004886001027720073,0.7705672235099774,0.004886001027720073
92,-0.7679627100051659,0.005491139553641836,0.7679627100051659,0.005491139553641836
93,-0.7621865297155267,0.005339113606321521,0.7621865297155267,0.005339113606321521
94,-0.754631474142203,0.0057394370020463015,0.754631474142203,0.0057394370020463015
95,-0.7450849637226993,0.00575157775174474,0.7450849637226993,0.00575157775174474
96,-0.7331964556089946,0.005478880512857613,0.7331964556089946,0.005478880512857613
97,-0.7191752514941853,0.007020028162952047,0.7191752514941853,0.007020028162952047
98,-0.7054837674263039,0.00775528721424536,0.7054837674263039,0.00775528721424536
99,-0.6919627168648979,0.008104906050525346,0.6919627168648979,0.008104906050525346
100,-0.6778992176378819,0.007932716878625092,0.6778992176378819,0.007932716878625092
101,-0.662547345833528,0.007419011141298367,0.662547345833528,0.007419011141298367
102,-0.6474687024556107,0.0074702362892282905,0.6474687024556107,0.0074702362892282905
103,-0.6318496075060883,0.00711457247217537,0.6318496075060883,0.00711457247217537
104,-0.6156349981593169,0.0067203861764938136,0.6156349981593169,0.0067203861764938136
105,-0.6006375117377593,0.006475623104352577,0.6006375117377593,0.006475623104352577
106,-0.5862503110249534,0.006884162968266371,0.5862503110249534,0.006884162968266371
107,-0.5704535108666865,0.006957805849636883,0.5704535108666865,0.006957805849636883
108,-0.5537572342289437,0.007370575986387693,0.5537572342289437,0.007370575986387693
109,-0.535853013751499,0.008364240784009975,0.535853013751499,0.008364240784009975
110,-0.5190204256581024,0.00931212402765626,0.5190204256581024,0.00931212402765626
111,-0.501916891757232,0.009830193914948831,0.501916891757232,0.009830193914948831
112,-0.4847279544071057,0.010131002274970087,0.4847279544071057,0.010131002274970087
113,-0.4678318815028975,0.009529452356408803,0.4678318815028975,0.009529452356408803
114,-0.45088045114714825,0.00890417523840473,0.45088045114714825,0.00890417523840473
115,-0.43321497734804243,0.009091230695266751,0.43321497734804243,0.009091230695266751
116,-0.4156047505011054,0.008518015209115411,0.4156047505011054,0.008518015209115411
117,-0.3982348150544707,0.00828935206504528,0.3982348150544707,0.00828935206504528
118,-0.38046835000850426,0.008589274575377915,0.38046835000850426,0.008589274575377915
119,-0.36269728408066526,0.008802666133541633,0.36269728408066526,0.008802666133541633
120,-0.3450004290750807,0.008480624804677315,0.3450004290750807,0.008480624804677315
121,-0.32682793703880264,0.008513993911722828,0.32682793703880264,0.008513993911722828
122,-0.3088616036577623,0.007894086139040137,0.3088616036577623,0.007894086139040137
123,-0.29045221976599356,0.0068424637113516954,0.29045221976599356,0.0068424637113516954
124,-0.2722622535482025,0.007152357125098241,0.2722622535482025,0.007152357125098241
125,-0.25359683967501817,0.007117098896459228,0.25359683967501817,0.007117098896459228
126,-0.2350813377472155,0.007100098749809896,0.2350813377472155,0.007100098749809896
127,-0.21731334892021317,0.007571403745972364,0.21731334892021317,0.007571403745972364
128,-0.19815931271602058,0.006906529986304913,0.19815931271602058,0.006906529986304913
129,-0.17927764050714554,0.006409329356092134,0.17927764050714554,0.006409329356092134
130,-0.15990168420371728,0.006211394148193037,0.15990168420371728,0.006211394148193037
131,-0.14079632826519164,0.006011509456583437,0.14079632826519164,0.006011509456583437
132,-0.12156709307776187,0.005967797645232995,0.12156709307776187,0.005967797645232995
133,-0.10218419038644733,0.006529329315800802,0.10218419038644733,0.006529329315800802
134,-0.08350422627454383,0.006430868764327609,0.08350422627454383,0.006430868764327609
135,-0.06483920467466034,0.006693155592631948,0.06483920467466034,0.006693155592631948
136,-0.0456494760403136,0.006356883093973419,0.0456494760403136,0.006356883093973419
137,-0.02708836260378697,0.006027997843168773,0.02708836260378697,0.006027997843168773
138,-0.007372108651281892,0.006049029955640123,0.008006343626769575,0.005094165734206902
139,0.012038396848499605,0.005844563800102097,0.012038396848499605,0.005844563800102097
140,0.03144724977179552,0.006012043497746217,0.03144724977179552,0.006012043497746217
141,0.050977309679606654,0.006011981114978404,0.050977309679606654,0.006011981114978404
142,0.07022305264462791,0.006349516656662035,0.07022305264462791,0.006349516656662035
143,0.08936100644445187,0.006049070335562407,0.08936100644445187,0.006049070335562407
144,0.10879274257060062,0.006234502571906708,0.10879274257060062,0.006234502571906708
145,0.12820197257292065,0.00637518409358137,0.12820197257292065,0.00637518409358137
146,0.14786831271898435,0.00628505315262043,0.14786831271898435,0.00628505315262043
147,0.16774189856019964,0.006483807983714225,0.16774189856019964,0.006483807983714225
148,0.1873746267857979,0.006494957959115038,0.1873746267857979,0.006494957959115038
149,0.207244891578963,0.00635699674074229,0.207244891578963,0.00635699674074229
150,0.22575571145732456,0.006212836483060218,0.22575571145732456,0.006212836483060218
151,0.24516802622854653,0.005915029566625202,0.24516802622854653,0.005915029566625202
152,0.2638639550031829,0.006575388838066074,0.2638639550031829,0.006575388838066074
153,0.28281647542958777,0.0066649837318446935,0.28281647542958777,0.0066649837318446935
154,0.30189125461882477,0.007001550021689472,0.30189125461882477,0.007001550021689472
155,0.3206576348092545,0.007335480787115138,0.3206576348092545,0.007335480787115138
156,0.3386621946947117,0.007351399799928331,0.3386621946947117,0.007351399799928331
157,0.3572636977503165,0.007749184820108058,0.3572636977503165,0.007749184820108058
158,0.3751990546634241,0.007104859319199661,0.3751990546634241,0.007104859319199661
159,0.39283299714309267,0.006834907441935435,0.39283299714309267,0.006834907441935435
160,0.409445347681564,0.007448702862030886,0.409445347681564,0.007448702862030886
161,0.425527083906689,0.007059740589287933,0.425527083906689,0.007059740589287933
162,0.4408290880492109,0.0068769359561516395,0.4408290880492109,0.0068769359561516395
163,0.455506531730172,0.007489415817183592,0.455506531730172,0.007489415817183592
164,0.4714809417814294,0.006778183973594619,0.4714809417814294,0.006778183973594619
165,0.48598213154413444,0.006428516457436226,0.48598213154413444,0.006428516457436226
166,0.5003838225152589,0.006009350451410575,0.5003838225152589,0.006009350451410575
167,0.5136801510733523,0.006082595492023101,0.5136801510733523,0.006082595492023101
168,0.5272298409467314,0.006526137109417961,0.5272298409467314,0.006526137109417961
169,0.5400906439851786,0.006625865603578425,0.5400906439851786,0.006625865603578425
170,0.5522697683628622,0.006714059446987698,0.5522697683628622,0.006714059446987698
171,0.5644124086721365,0.006724705933701308,0.5644124086721365,0.006724705933701308
172,0.575471355119495,0.006949489157794388,0.575471355119495,0.006949489157794388
173,0.5864257700932136,0.00730923942459769,0.5864257700932136,0.00730923942459769
174,0.5976999258980652,0.007568723946509847,0.5976999258980652,0.007568723946509847
175,0.6082295296550736,0.007546446133588584,0.6082295296550736,0.007546446133588584
176,0.6176262648428743,0.00762561181432109,0.6176262648428743,0.00762561181432109
177,0.6266654522678804,0.007448974735983865,0.6266654522678804,0.007448974735983865
178,0.6353617427432017,0.007317082463731016,0.6353617427432017,0.007317082463731016
179,0.6427128830153038,0.007109103798705628,0.6427128830153038,0.007109103798705628
180,0.6487523369383944,0.005923138881261833,0.6487523369383944,0.005923138881261833
181,0.6534383307022623,0.005891054496136553,0.6534383307022623,0.005891054496136553
182,0.6552289985205082,0.006581101650693191,0.6552289985205082,0.006581101650693191
183,0.6550538148742097,0.007054363407564957,0.6550538148742097,0.007054363407564957
184,0.6522991947593444,0.00774365049567036,0.6522991947593444,0.00774365049567036
185,0.6479307655494412,0.008391893449717016,0.6479307655494412,0.008391893449717016
186,0.6407926723972094,0.009216093617159011,0.6407926723972094,0.009216093617159011
187,0.632046504076713,0.009428940532428244,0.632046504076713,0.009428940532428244
188,0.6215386913456052,0.009026496110315462,0.6215386913456052,0.009026496110315462
189,0.6097861964200912,0.008416208003607999,0.6097861964200912,0.008416208003607999
190,0.598374444357593,0.007972039559446286,0.598374444357593,0.007972039559446286
191,0.5867880710516937,0.008485890958876136,0.5867880710516937,0.008485890958876136
192,0.5745399520103927,0.008647038697574135,0.5745399520103927,0.008647038697574135
193,0.5607986636542862,0.00799056842660982,0.5607986636542862,0.00799056842660982
194,0.5473315368228548,0.008112060855459806,0.5473315368228548,0.008112060855459806
195,0.5332687966674216,0.008169352635532699,0.5332687966674216,0.008169352635532699
196,0.5185971030237401,0.007989076766539724,0.5185971030237401,0.007989076766539724
197,0.5043837329456102,0.00821664897635987,0.5043837329456102,0.00821664897635987
198,0.48957601072128204,0.00728353424449862,0.48957601072128204,0.00728353424449862
199,0.474882654486297,0.007066868481275953,0.474882654486297,0.007066868481275953
200,0.46020774742617787,0.007213302552043994,0.46020774742617787,0.007213302552043994
201,0.4444274648684407,0.008077354722560022,0.4444274648684407,0.008077354722560022
202,0.429155154277514,0.00829607810421653,0.429155154277514,0.00829607810421653
203,0.4139359562472757,0.008418354291454658,0.4139359562472757,0.008418354291454658
204,0.39859528828678575,0.009845438054318985,0.39859528828678575,0.009845438054318985
205,0.38235940982637756,0.010092589302631332,0.38235940982637756,0.010092589302631332
206,0.3661241114486917,0.01057405999376841,0.3661241114486917,0.01057405999376841
207,0.3504288810422782,0.010900419702391497,0.3504288810422782,0.010900419702391497
208,0.3338339855702647,0.010889907861239957,0.3338339855702647,0.010889907861239957
209,0.31783599474890173,0.01068327059330188,0.31783599474890173,0.01068327059330188
210,0.3010028480753519,0.010746462847886053,0.3010028480753519,0.010746462847886053
211,0.2848857559860761,0.010917185012695781,0.2848857559860761,0.010917185012695781
212,0.26943710327261305,0.01003389144939639,0.26943710327261305,0.01003389144939639
213,0.25345441711571337,0.01024789513999481,0.25345441711571337,0.01024789513999481
214,0.23703367836267417,0.009132863234878032,0.23703367836267417,0.009132863234878032
215,0.22035827743490352,0.00847504516669668,0.22035827743490352,0.00847504516669668
216,0.20359402236891652,0.008474571058035646,0.20359402236891652,0.008474571058035646
217,0.18717226925937877,0.007547230736120877,0.18717226925937877,0.007547230736120877
218,0.17093497946810465,0.007334733490927676,0.17093497946810465,0.007334733490927676
219,0.15410487537954115,0.007251367521502681,0.15410487537954115,0.007251367521502681
220,0.13724230335726495,0.007169507199982568,0.13724230335726495,0.007169507199982568
221,0.12003809154366273,0.00687126414201295,0.12003809154366273,0.00687126414201295
222,0.10436470527789933,0.006697602000962198,0.10436470527789933,0.006697602000962198
223,0.0866533615990176,0.006549483295960201,0.0866533615990176,0.006549483295960201
224,0.06943640893213962,0.007096142920748042,0.06943640893213962,0.007096142920748042
225,0.052131253196999135,0.00824457051293695,0.052131253196999135,0.00824457051293695
226,0.0340244805735194,0.008105416655465695,0.0340244805735194,0.008105416655465695
227,0.017002054126004907,0.008724278236492538,0.017002054126004907,0.008724278236492538
228,-0.0005450471131753149,0.00884784459740026,0.00787600708894231,0.003307222928727771
229,-0.017612287786633464,0.00900229507469578,0.017612287786633464,0.00900229507469578
230,-0.03532116548936141,0.00890403497811224,0.03532116548936141,0.00890403497811224
231,-0.05262533245489775,0.008085653928698531,0.05262533245489775,0.008085653928698531
232,-0.06962753263211038,0.007430805296351553,0.06962753263211038,0.007430805296351553
233,-0.08735438231999516,0.007366416346621142,0.08735438231999516,0.007366416346621142
234,-0.10418251702463592,0.007370443533845451,0.10418251702463592,0.007370443533845451
235,-0.12161806256363206,0.007730367445581814,0.12161806256363206,0.007730367445581814
236,-0.13778962004372045,0.00762459972624707,0.13778962004372045,0.00762459972624707
237,-0.15409475227805788,0.008130341078616191,0.15409475227805788,0.008130341078616191
238,-0.17021266549593328,0.007821891006048284,0.17021266549593328,0.007821891006048284
239,-0.18659727745564914,0.007563894645835452,0.18659727745564914,0.007563894645835452
240,-0.2027316466893496,0.0079565038267121,0.2027316466893496,0.0079565038267121
241,-0.21813731851814508,0.00855847553002489,0.21813731851814508,0.00855847553002489
242,-0.2338992374188997,0.008354463835651317,0.2338992374188997,0.008354463835651317
243,-0.24884213738450847,0.007529065220586674,0.24884213738450847,0.007529065220586674
244,-0.26397137402898024,0.007440332899587201,0.26397137402898024,0.007440332899587201
245,-0.2782917888810624,0.00671089590130258,0.2782917888810624,0.00671089590130258
246,-0.2921670030308258,0.006642005204432545,0.2921670030308258,0.006642005204432545
247,-0.3066061515783804,0.006415796082407655,0.3066061515783804,0.006415796082407655
248,-0.32070271021029473,0.006013919256454792,0.32070271021029473,0.006013919256454792
249,-0.3342032761657008,0.006188076471533121,0.3342032761657008,0.006188076471533121
250,-0.3474824937623218,0.0063902782746783566,0.3474824937623218,0.0063902782746783566
251,-0.3597252721649553,0.0072033845250219514,0.3597252721649553,0.0072033845250219514
252,-0.3720189494573412,0.006435749018075196,0.3720189494573412,0.006435749018075196
253,-0.3833838277252432,0.006566845852350186,0.3833838277252432,0.006566845852350186
254,-0.39511932828150403,0.006927652143488621,0.39511932828150403,0.006927652143488621
255,-0.4066713026640601,0.007328831383284431,0.4066713026640601,0.007328831383284431
256,-0.41723425584671575,0.006398534499106513,0.41723425584671575,0.006398534499106513
257,-0.4278972444968072,0.0059834507081323795,0.4278972444968072,0.0059834507081323795
258,-0.4376810087907141,0.005940638393590495,0.4376810087907141,0.005940638393590495
259,-0.4481766889007908,0.006703638641939591,0.4481766889007908,0.006703638641939591
260,-0.45799687818700124,0.0072354963053549515,0.45799687818700124,0.0072354963053549515
261,-0.4675915322939064,0.0067740748456178975,0.4675915322939064,0.0067740748456178975
262,-0.47684339455867747,0.006767368220229516,0.47684339455867747,0.006767368220229516
263,-0.48587922996867555,0.007311751300545041,0.48587922996867555,0.007311751300545041
264,-0.4949838092572059,0.0076511499335791605,0.4949838092572059,0.0076511499335791605
265,-0.5039003162863563,0.007599733917552878,0.5039003162863563,0.007599733917552878
266,-0.5120717419294928,0.00700613899145909,0.5120717419294928,0.00700613899145909
267,-0.5208010967375774,0.006788418962507331,0.5208010967375774,0.006788418962507331
268,-0.5290559904569571,0.007920005889788655,0.5290559904569571,0.007920005889788655
269,-0.5360000095552242,0.007753391452783171,0.5360000095552242,0.007753391452783171
270,-0.541585674948062,0.00756910723479846,0.541585674948062,0.00756910723479846
271,-0.545831216917,0.008337382423697881,0.545831216917,0.008337382423697881
272,-0.5497852184236778,0.008591826376954957,0.5497852184236778,0.008591826376954957
273,-0.5527213657370184,0.008107854750068448,0.5527213657370184,0.008107854750068448
274,-0.553349393620912,0.008476645838536486,0.553349393620912,0.008476645838536486
275,-0.5523092544675602,0.0086751705385598,0.5523092544675602,0.0086751705385598
276,-0.5483342744187563,0.00954418910643603,0.5483342744187563,0.00954418910643603
277,-0.5421112503924748,0.010044451272647886,0.5421112503924748,0.010044451272647886
278,-0.5356702727888493,0.010226119321008165,0.5356702727888493,0.010226119321008165
279,-0.5280955734987881,0.010173249674629214,0.5280955734987881,0.010173249674629214
280,-0.519024489697474,0.011185759873008587,0.519024489697474,0.011185759873008587
281,-0.5085559871615027,0.01182159104137667,0.5085559871615027,0.01182159104137667
282,-0.49735640886852406,0.01283126488756103,0.49735640886852406,0.01283126488756103
283,-0.4857558516485168,0.012981453003346978,0.4857558516485168,0.012981453003346978
284,-0.4735472432443289,0.012524767290230356,0.4735472432443289,0.012524767290230356
285,-0.46096483337419114,0.012528530077316037,0.46096483337419114,0.012528530077316037
286,-0.44829292096451584,0.012275873531933811,0.44829292096451584,0.012275873531933811
287,-0.43453287454293216,0.01255792561141567,0.43453287454293216,0.01255792561141567
288,-0.4205556749572635,0.012476389726436398,0.4205556749572635,0.012476389726436398
289,-0.4058813611756644,0.011779672196721557,0.4058813611756644,0.011779672196721557
290,-0.3915825678323956,0.011599523216228962,0.3915825678323956,0.011599523216228962
291,-0.3782849402095804,0.011670277022965402,0.3782849402095804,0.011670277022965402
292,-0.3639114048011969,0.012121050780687325,0.3639114048011969,0.012121050780687325
293,-0.34959243762609166,0.011793359027447988,0.34959243762609166,0.011793359027447988
294,-0.3355448930480598,0.011780076832183588,0.3355448930480598,0.011780076832183588
295,-0.3212946065717877,0.011478596456377275,0.3212946065717877,0.011478596456377275
296,-0.3066020140585451,0.011803031382268795,0.3066020140585451,0.011803031382268795
297,-0.2920128910011995,0.011915974137180995,0.2920128910011995,0.011915974137180995
298,-0.27786323206822466,0.011955389394016842,0.27786323206822466,0.011955389394016842
299,-0.26308755893852337,0.012229961087744318,0.26308755893852337,0.012229961087744318
300,-0.24815862149347,0.01236219736848046,0.24815862149347,0.01236219736848046
301,-0.2331822403582713,0.012082461032061268,0.2331822403582713,0.012082461032061268
302,-0.21764954134772965,0.010479436060228449,0.21764954134772965,0.010479436060228449
303,-0.20263136674917884,0.010188822388639667,0.20263136674917884,0.010188822388639667
304,-0.18756999881324576,0.010219275433297622,0.18756999881324576,0.010219275433297622
305,-0.17132999868566515,0.011291958624060306,0.17132999868566515,0.011291958624060306
306,-0.1555352477873451,0.011344408867125892,0.1555352477873451,0.011344408867125892
307,-0.1395040568001634,0.011253465165452699,0.1395040568001634,0.011253465165452699
308,-0.12415085792283066,0.011138430907136804,0.12415085792283066,0.011138430907136804
309,-0.10857750291421464,0.010687059982394716,0.10857750291421464,0.010687059982394716
310,-0.09412581784243675,0.010035109796298961,0.09412581784243675,0.010035109796298961
311,-0.07821533139296405,0.009873226548567352,0.07821533139296405,0.009873226548567352
312,-0.06187395460873472,0.010435232035665395,0.06187395460873472,0.010435232035665395
313,-0.04604237728705025,0.010508078854464383,0.04604237728705025,0.010508078854464383
314,-0.030245447955589977,0.010242710004749194,0.030245447955589977,0.010242710004749194
315,-0.015267551577664275,0.010228357689684863,0.015782484636366643,0.009336867441703478
316,-0.000151738031796115,0.010426919237143025,0.008128745913932242,0.006054939862483545
317,0.015101137209046054,0.010596159955411003,0.015889119638714425,0.0092541260044267
318,0.03062147162773873,0.010062714894522925,0.03062147162773873,0.010062714894522925
319,0.04575534262332779,0.009673315580964006,0.04575534262332779,0.009673315580964006
320,0.06057837205899708,0.009142871476678324,0.06057837205899708,0.009142871476678324
321,0.075725484948703,0.00947206735197408,0.075725484948703,0.00947206735197408
322,0.09002206457142585,0.008812643678432108,0.09002206457142585,0.008812643678432108
323,0.10435124253183199,0.008105368470881712,0.10435124253183199,0.008105368470881712
324,0.1192271535040254,0.006845037037778205,0.1192271535040254,0.006845037037778205
325,0.132748963518683,0.007078076897752818,0.132748963518683,0.007078076897752818
326,0.14692816979903803,0.007151674240791101,0.14692816979903803,0.007151674240791101
327,0.16007228107746507,0.007247402260847148,0.16007228107746507,0.007247402260847148
328,0.17327319588253354,0.007537828120058999,0.17327319588253354,0.007537828120058999
329,0.18646778523570462,0.007661020527468707,0.18646778523570462,0.007661020527468707
330,0.1990661365810419,0.007959797359737427,0.1990661365810419,0.007959797359737427
331,0.2119765706559902,0.007902619583582899,0.2119765706559902,0.007902619583582899
332,0.22482969677836515,0.007053286748836655,0.22482969677836515,0.007053286748836655
333,0.23765140512135685,0.006865146018393382,0.23765140512135685,0.006865146018393382
334,0.24997761287560974,0.007228218379436119,0.24997761287560974,0.007228218379436119
335,0.2619521023970852,0.00779144236282461,0.2619521023970852,0.00779144236282461
336,0.27345130938362244,0.007240340488889187,0.27345130938362244,0.007240340488889187
337,0.2846636903693083,0.007345070590557839,0.2846636903693083,0.007345070590557839
338,0.2954855081708369,0.007249366834274006,0.2954855081708369,0.007249366834274006
339,0.30596669400386634,0.007351698458683277,0.30596669400386634,0.007351698458683277
340,0.3168540413457382,0.007639104226524277,0.3168540413457382,0.007639104226524277
341,0.32729838418945384,0.0076795675043410914,0.32729838418945384,0.0076795675043410914
342,0.33650329334511175,0.008268472454125353,0.33650329334511175,0.008268472454125353
343,0.3463891527562904,0.008585378808131282,0.3463891527562904,0.008585378808131282
344,0.3557831116348417,0.008476182978757758,0.3557831116348417,0.008476182978757758
345,0.36551234370417335,0.008283490509452346,0.36551234370417335,0.008283490509452346
346,0.37444438324310275,0.008271936099473586,0.37444438324310275,0.008271936099473586
347,0.3826460706723749,0.007808809732958204,0.3826460706723749,0.007808809732958204
348,0.3910877181958016,0.007495691244657556,0.3910877181958016,0.007495691244657556
349,0.40010752010162376,0.007660350704655783,0.40010752010162376,0.007660350704655783
350,0.40971891634366525,0.007923939543815216,0.40971891634366525,0.007923939543815216
351,0.418192482720296,0.007390914584758749,0.418192482720296,0.007390914584758749
352,0.42637733299963015,0.0073127789334080625,0.42637733299963015,0.0073127789334080625
353,0.4353596126457746,0.007113597171148636,0.4353596126457746,0.007113597171148636
354,0.4431718180959614,0.007032818542416759,0.4431718180959614,0.007032818542416759
355,0.45045653439420114,0.007659186613103779,0.45045653439420114,0.007659186613103779
356,0.4573698860128908,0.0077454826256306755,0.4573698860128908,0.0077454826256306755
357,0.4637917483378698,0.007796291431644857,0.4637917483378698,0.007796291431644857
358,0.47004138549970276,0.007556403759147923,0.47004138549970276,0.007556403759147923
359,0.4756065134851231,0.007071045354247206,0.4756065134851231,0.007071045354247206
360,0.4804076034301685,0.007190517118907101,0.4804076034301685,0.007190517118907101
361,0.48414016248786695,0.007253885178446331,0.48414016248786695,0.007253885178446331
362,0.4874860510863143,0.0075452709104556126,0.4874860510863143,0.0075452709104556126
363,0.4890791538672676,0.00834501792405199,0.4890791538672676,0.00834501792405199
364,0.4891765180307139,0.008043264312418608,0.4891765180307139,0.008043264312418608
365,0.488151453113343,0.008085175844562956,0.488151453113343,0.008085175844562956
366,0.4853801770086788,0.008693709054002472,0.4853801770086788,0.008693709054002472
367,0.4805711776474028,0.009591333875879732,0.4805711776474028,0.009591333875879732
368,0.4745211955686328,0.009676013576530026,0.4745211955686328,0.009676013576530026
369,0.4678783298106311,0.010437275656552232,0.4678783298106311,0.010437275656552232
370,0.46052495723593506,0.010968633624020938,0.46052495723593506,0.010968633624020938
371,0.45074664779718554,0.011461888897064202,0.45074664779718554,0.011461888897064202
372,0.44070547541079247,0.011506184551481065,0.44070547541079247,0.011506184551481065
373,0.42988463163510643,0.011332376705242377,0.42988463163510643,0.011332376705242377
374,0.41850644478753957,0.011195983265256022,0.41850644478753957,0.011195983265256022
375,0.406444852735177,0.011538808820011936,0.406444852735177,0.011538808820011936
376,0.394693005033749,0.011402429220450441,0.394693005033749,0.011402429220450441
377,0.3825344285383628,0.01102735234024402,0.3825344285383628,0.01102735234024402
378,0.37066184842778976,0.011684710146447152,0.37066184842778976,0.011684710146447152
379,0.3585518829760114,0.012363314867642835,0.3585518829760114,0.012363314867642835
380,0.34608613351005696,0.012006330361657607,0.34608613351005696,0.012006330361657607
381,0.33362249463367927,0.011601905714451799,0.33362249463367927,0.011601905714451799
382,0.3202558968464707,0.011756313909012979,0.3202558968464707,0.011756313909012979
383,0.3071915374773222,0.012630962346191455,0.3071915374773222,0.012630962346191455
384,0.2937565665869499,0.01268602875566145,0.2937565665869499,0.01268602875566145
385,0.2810182317618828,0.011614448148833072,0.2810182317618828,0.011614448148833072
386,0.2675102754647488,0.011854719249658854,0.2675102754647488,0.011854719249658854
387,0.25339251333776863,0.01186504935362931,0.25339251333776863,0.01186504935362931
388,0.23962150628767812,0.01134997861880827,0.23962150628767812,0.01134997861880827
389,0.2248307393425452,0.01078923467310988,0.2248307393425452,0.01078923467310988
390,0.210779341339577,0.011559616149780757,0.210779341339577,0.011559616149780757
391,0.19691974590647088,0.011749746254667513,0.19691974590647088,0.011749746254667513
392,0.18253396574461844,0.011785389784847774,0.18253396574461844,0.011785389784847774
393,0.16848825452797644,0.011014142085249494,0.16848825452797644,0.011014142085249494
394,0.1545460789851686,0.010060314021822201,0.1545460789851686,0.010060314021822201
395,0.1408376674534255,0.010029854710116047,0.1408376674534255,0.010029854710116047
396,0.12633484895266026,0.01068352378634259,0.12633484895266026,0.01068352378634259
397,0.1125625029930748,0.011191581212200107,0.1125625029930748,0.011191581212200107
398,0.0992868983436495,0.010738954225980113,0.0992868983436495,0.010738954225980113
399,0.08588812099900833,0.010607123276276637,0.08588812099900833,0.010607123276276637
400,0.07217946580618914,0.011326423619159814,0.07217946580618914,0.011326423619159814
401,0.057998987672926244,0.011203024139768893,0.057998987672926244,0.011203024139768893
402,0.04413954399459464,0.010774634930907922,0.04413954399459464,0.010774634930907922
403,0.030635940723905658,0.01095357853611817,0.030635940723905658,0.01095357853611817
404,0.01661840165873413,0.01147431657104495,0.01694408988938997,0.010942363242477717
405,0.003421310812460183,0.011779534137407219,0.009787067624292383,0.006858013026271331
406,-0.009840086259965542,0.011815037288128213,0.012281588616551736,0.008981924835248813
407,-0.022896091184108968,0.011454751618884136,0.022896091184108968,0.011454751618884136
408,-0.0351726702609162,0.010636471021088766,0.0351726702609162,0.010636471021088766
409,-0.04847197765586015,0.010074313649652365,0.04847197765586015,0.010074313649652365
410,-0.061888877866171664,0.00932915939210587,0.061888877866171664,0.00932915939210587
411,-0.07397812427752692,0.008794868337454817,0.07397812427752692,0.008794868337454817
412,-0.0858283955861504,0.007673194672433266,0.0858283955861504,0.007673194672433266
413,-0.09790631170410442,0.007240719363326182,0.09790631170410442,0.007240719363326182
414,-0.110184237076217,0.007742305344227374,0.110184237076217,0.007742305344227374
415,-0.12127113301313418,0.007256405778042424,0.12127113301313418,0.007256405778042424
416,-0.1332747943842197,0.007149658774318026,0.1332747943842197,0.007149658774318026
417,-0.14500793558070293,0.006727872861045234,0.14500793558070293,0.006727872861045234
418,-0.15577480802310503,0.006445059019749689,0.15577480802310503,0.006445059019749689
419,-0.16662939150196857,0.006764243154834358,0.16662939150196857,0.006764243154834358
420,-0.17746247455667308,0.006921354053273283,0.17746247455667308,0.006921354053273283
421,-0.18848769228697704,0.006912346814652918,0.18848769228697704,0.006912346814652918
422,-0.19878456115265505,0.007052849057056778,0.19878456115265505,0.007052849057056778
423,-0.2092429047056307,0.008076885802894975,0.2092429047056307,0.008076885802894975
424,-0.220083524757302,0.008481760657402134,0.220083524757302,0.008481760657402134
425,-0.23031308627153702,0.008774900333737116,0.23031308627153702,0.008774900333737116
426,-0.23953054296099388,0.009041549552582942,0.23953054296099388,0.009041549552582942
427,-0.24851466500137265,0.009097912565965122,0.24851466500137265,0.009097912565965122
428,-0.2583917298800652,0.008506034166550712,0.2583917298800652,0.008506034166550712
429,-0.2676254719206739,0.008008291787259687,0.2676254719206739,0.008008291787259687
430,-0.27552218540204604,0.007207178693995066,0.27552218540204604,0.007207178693995066
431,-0.28404568003442593,0.00715777333436186,0.28404568003442593,0.00715777333436186
432,-0.29236343094956047,0.00705649469712576,0.29236343094956047,0.00705649469712576
433,-0.30015938357616195,0.007201174351745256,0.30015938357616195,0.007201174351745256
434,-0.3082134645748658,0.007131749917884695,0.3082134645748658,0.007131749917884695
435,-0.3168082528102269,0.007379878169288368,0.3168082528102269,0.007379878169288368
436,-0.324183656440136,0.007551573055664037,0.324183656440136,0.007551573055664037
437,-0.3320632047979038,0.00748466210566787,0.3320632047979038,0.00748466210566787
438,-0.3397245070871366,0.007353194802010662,0.3397245070871366,0.007353194802010662
439,-0.34646737288615054,0.006726155178543391,0.34646737288615054,0.006726155178543391
440,-0.35434686807678756,0.0065486441668801895,0.35434686807678756,0.0065486441668801895
441,-0.36185427667268605,0.006201463417393593,0.36185427667268605,0.006201463417393593
442,-0.3683873122789946,0.005435123129871796,0.3683873122789946,0.005435123129871796
443,-0.37461032488183377,0.006108131590775296,0.37461032488183377,0.006108131590775296
444,-0.3810834198374851,0.006417835340689289,0.3810834198374851,0.006417835340689289
445,-0.3879957551831182,0.0065547684506249366,0.3879957551831182,0.0065547684506249366
446,-0.39424429208790923,0.006176744989203883,0.39424429208790923,0.006176744989203883
447,-0.39981529542896177,0.006210442579224315,0.39981529542896177,0.006210442579224315
448,-0.40559037591853664,0.00579911771489862,0.40559037591853664,0.00579911771489862
449,-0.41034082260281485,0.005637022540523072,0.41034082260281485,0.005637022540523072
450,-0.4137219898177939,0.006009465359585738,0.4137219898177939,0.006009465359585738
451,-0.4170357413278421,0.005680215102453368,0.4170357413278421,0.005680215102453368
452,-0.4199038883221918,0.005294750913817375,0.4199038883221918,0.005294750913817375
453,-0.4204419899587976,0.00649199892382304,0.4204419899587976,0.00649199892382304
454,-0.4205699117814914,0.0069906170351998476,0.4205699117814914,0.0069906170351998476
455,-0.4188173408359858,0.007512407828122089,0.4188173408359858,0.007512407828122089
456,-0.4158238155215804,0.008473759911879951,0.4158238155215804,0.008473759911879951
457,-0.4125785442561843,0.008704460271691354,0.4125785442561843,0.008704460271691354
458,-0.40733213902817483,0.008692648834472187,0.40733213902817483,0.008692648834472187
459,-0.40122984500864023,0.008794592451035305,0.40122984500864023,0.008794592451035305
460,-0.39485744299990616,0.009012723520419841,0.39485744299990616,0.009012723520419841
461,-0.3867358844253513,0.008812494435992305,0.3867358844253513,0.008812494435992305
462,-0.3785947609845837,0.010319421632255434,0.3785947609845837,0.010319421632255434
463,-0.36896245582861625,0.01066148281316602,0.36896245582861625,0.01066148281316602
464,-0.3594188455672711,0.010687596750304628,0.3594188455672711,0.010687596750304628
465,-0.3490400314184002,0.011031290276477692,0.3490400314184002,0.011031290276477692
466,-0.33753856649246666,0.010126400885392867,0.33753856649246666,0.010126400885392867
467,-0.3264802028404501,0.010859579086866269,0.3264802028404501,0.010859579086866269
468,-0.3150462153160159,0.011590140868011283,0.3150462153160159,0.011590140868011283
469,-0.302935367782633,0.012309314500832422,0.302935367782633,0.012309314500832422
470,-0.2906405287888943,0.01225490003417569,0.2906405287888943,0.01225490003417569
471,-0.2787043777232398,0.012273194997326061,0.2787043777232398,0.012273194997326061
472,-0.2667322013835954,0.012217061913340679,0.2667322013835954,0.012217061913340679
473,-0.2547202671555714,0.012621775383457592,0.2547202671555714,0.012621775383457592
474,-0.24238996649072106,0.012536315657422376,0.24238996649072106,0.012536315657422376
475,-0.22983803067882344,0.011917467480958446,0.22983803067882344,0.011917467480958446
476,-0.2176817209096633,0.012072267468182846,0.2176817209096633,0.012072267468182846
477,-0.20470687882470287,0.011631172753618845,0.20470687882470287,0.011631172753618845
478,-0.19223935090553926,0.010878050153912074,0.19223935090553926,0.010878050153912074
479,-0.1796406526563945,0.010360750873844596,0.1796406526563945,0.010360750873844596
480,-0.16761699394414667,0.010417096758600114,0.16761699394414667,0.010417096758600114
481,-0.1550159654535023,0.010618431730952093,0.1550159654535023,0.010618431730952093
482,-0.14280371094049013,0.011295958065955437,0.14280371094049013,0.011295958065955437
483,-0.13100246135900628,0.010670194469357795,0.13100246135900628,0.010670194469357795
484,-0.118793948495679,0.010094692452517588,0.118793948495679,0.010094692452517588
485,-0.10549542259770057,0.010192044056897399,0.10549542259770057,0.010192044056897399
486,-0.09349283086152395,0.009660675383898443,0.09349283086152395,0.009660675383898443
487,-0.08147174651523734,0.009976702222116593,0.08147174651523734,0.009976702222116593
488,-0.06918887057361371,0.010307958658219287,0.06918887057361371,0.010307958658219287
489,-0.05695632553964224,0.01111138028285703,0.05695632553964224,0.01111138028285703
490,-0.04442528287603823,0.010365699234744247,0.04442528287603823,0.010365699234744247
491,-0.031977737202718716,0.009178904225446344,0.031977737202718716,0.009178904225446344
492,-0.01998764368524668,0.008874979245404459,0.01998764368524668,0.008874979245404459
493,-0.007502820884127834,0.009057183101056292,0.008989207568407431,0.007435760309131149
494,0.004270067982190464,0.00892445675549446,0.007878209481449886,0.005641669348812646
495,0.016124007051311954,0.008697475109111022,0.016124007051311954,0.008697475109111022
496,0.02753576014934112,0.008580316747035967,0.02753576014934112,0.008580316747035967
497,0.038934378327980156,0.009116966792145912,0.038934378327980156,0.009116966792145912
498,0.050453062587087295,0.009354437725646826,0.050453062587087295,0.009354437725646826
499,0.06161167318485617,0.00861494813769763,0.06161167318485617,0.00861494813769763
500,0.07248411120384927,0.00897615176847794,0.07248411120384927,0.00897615176847794
501,0.08333983482027907,0.00938495059925263,0.08333983482027907,0.00938495059925263
502,0.09325655833849522,0.008877425244060544,0.09325655833849522,0.008877425244060544
503,0.10298874647561906,0.008765948968554009,0.10298874647561906,0.008765948968554009
504,0.11379008999817869,0.00820718319856261,0.11379008999817869,0.00820718319856261
505,0.12440661962785822,0.00856028841668244,0.12440661962785822,0.00856028841668244
506,0.13522339850640855,0.008775544859542569,0.13522339850640855,0.008775544859542569
507,0.14547534088005418,0.007727825413607138,0.14547534088005418,0.007727825413607138
508,0.155291019269993,0.007523759115740968,0.155291019269993,0.007523759115740968
509,0.1642029611243486,0.006887674805878741,0.1642029611243486,0.006887674805878741
510,0.1732715597640008,0.007097106788892112,0.1732715597640008,0.007097106788892112
511,0.18196596111095495,0.006868817094102214,0.18196596111095495,0.006868817094102214
512,0.19262909011586113,0.006277401344282306,0.19262909011586113,0.006277401344282306
513,0.2026675647568323,0.006193117532962388,0.2026675647568323,0.006193117532962388
514,0.2111725976446295,0.005773070163967722,0.2111725976446295,0.005773070163967722
515,0.21986740325822238,0.00592902195776877,0.21986740325822238,0.00592902195776877
516,0.22852437453640762,0.006291533845617304,0.22852437453640762,0.006291533845617304
517,0.2365724423680128,0.006907397198108955,0.2365724423680128,0.006907397198108955
518,0.2445484546745629,0.006930823637832695,0.2445484546745629,0.006930823637832695
519,0.2525298231361251,0.007618634781818101,0.2525298231361251,0.007618634781818101
520,0.25947775419141744,0.0076067302496190215,0.25947775419141744,0.0076067302496190215
521,0.2667336698122786,0.008120176430349882,0.2667336698122786,0.008120176430349882
522,0.27444094324161034,0.0073342469778586725,0.27444094324161034,0.0073342469778586725
523,0.282508899417096,0.0066023857589492235,0.282508899417096,0.0066023857589492235
524,0.28959282326349006,0.007303649212614303,0.28959282326349006,0.007303649212614303
525,0.2965933631366752,0.006869713835158276,0.2965933631366752,0.006869713835158276
526,0.30326688766514454,0.0061627347957275355,0.30326688766514454,0.0061627347957275355
527,0.31026278953973874,0.005882400913880619,0.31026278953973874,0.005882400913880619
528,0.3169047613003676,0.0055755605091917385,0.3169047613003676,0.0055755605091917385
529,0.32310395940701,0.0048544457349775525,0.32310395940701,0.0048544457349775525
530,0.33013982822784765,0.004344403916391219,0.33013982822784765,0.004344403916391219
531,0.3371703524081578,0.004713408568648077,0.3371703524081578,0.004713408568648077
532,0.3437762031173104,0.005091903807333776,0.3437762031173104,0.005091903807333776
533,0.34948414431471814,0.00547069085559107,0.34948414431471814,0.00547069085559107
534,0.3552094115997065,0.0055212611251431905,0.3552094115997065,0.0055212611251431905
535,0.360508937001053,0.0060739450848209435,0.360508937001053,0.0060739450848209435
536,0.365851445530138,0.006346887853227728,0.365851445530138,0.006346887853227728
537,0.3703839548311109,0.0059765619894056096,0.3703839548311109,0.0059765619894056096
538,0.3735095329902036,0.006523042671377555,0.3735095329902036,0.006523042671377555
539,0.37737823588541924,0.006777403456340407,0.37737823588541924,0.006777403456340407
540,0.3803816139430311,0.006668530550228699,0.3803816139430311,0.006668530550228699
541,0.38194132023179606,0.006919327812980329,0.38194132023179606,0.006919327812980329
542,0.3828558006098019,0.006720462543198242,0.3828558006098019,0.006720462543198242
543,0.3831264750069973,0.006678167931928007,0.3831264750069973,0.006678167931928007
544,0.3825844273718157,0.006608198806181832,0.3825844273718157,0.006608198806181832
545,0.3805628617527759,0.007040648054200139,0.3805628617527759,0.007040648054200139
546,0.37752423835649185,0.007350256755820433,0.37752423835649185,0.007350256755820433
547,0.3736630939395564,0.008182174007785651,0.3736630939395564,0.008182174007785651
548,0.3683090978341335,0.008493484578451255,0.3683090978341335,0.008493484578451255
549,0.36266580923312536,0.008638959388867527,0.36266580923312536,0.008638959388867527
550,0.3560225840027605,0.008972675936596909,0.3560225840027605,0.008972675936596909
551,0.3483964256384268,0.009179661045504283,0.3483964256384268,0.009179661045504283
552,0.3404404036264703,0.01103419746987179,0.3404404036264703,0.01103419746987179
553,0.3311482465152695,0.011841100707168485,0.3311482465152695,0.011841100707168485
554,0.320920765614154,0.011302818169404332,0.320920765614154,0.011302818169404332
555,0.31156261999457024,0.011747427566907921,0.31156261999457024,0.011747427566907921
556,0.3017474239495607,0.011946512943352142,0.3017474239495607,0.011946512943352142
557,0.2907721674159385,0.01242363755307817,0.2907721674159385,0.01242363755307817
558,0.28015970140861113,0.012214298902281356,0.28015970140861113,0.012214298902281356
559,0.2689373193114368,0.01154854829338508,0.2689373193114368,0.01154854829338508
560,0.25734035247729503,0.011251653908390457,0.25734035247729503,0.011251653908390457
561,0.24553638101407546,0.011938737228563067,0.24553638101407546,0.011938737228563067
562,0.2350570787247994,0.012030943394325632,0.2350570787247994,0.012030943394325632
563,0.22446604945540496,0.011238978643917465,0.22446604945540496,0.011238978643917465
564,0.21217223208212654,0.010889404791611556,0.21217223208212654,0.010889404791611556
565,0.20065422262116173,0.010995193363664106,0.20065422262116173,0.010995193363664106
566,0.1897672112972485,0.010541940913784228,0.1897672112972485,0.010541940913784228
567,0.17840636860723694,0.010683106269873115,0.17840636860723694,0.010683106269873115
568,0.16712810091072214,0.01092613050109922,0.16712810091072214,0.01092613050109922
569,0.15601918480900148,0.010967840293658524,0.15601918480900148,0.010967840293658524
570,0.144336894791845,0.010390218399983771,0.144336894791845,0.010390218399983771
571,0.13258207140508846,0.01052402087592494,0.13258207140508846,0.01052402087592494
572,0.12069655386633595,0.010981382140443786,0.12069655386633595,0.010981382140443786
573,0.1088146259052782,0.011146481064303064,0.1088146259052782,0.011146481064303064
574,0.09706305200928235,0.011416810978360557,0.09706305200928235,0.011416810978360557
575,0.08581992936597227,0.011492141977331359,0.08581992936597227,0.011492141977331359
576,0.07522406082619776,0.011324775017374167,0.07522406082619776,0.011324775017374167
577,0.0647794267135643,0.011452837578537045,0.0647794267135643,0.011452837578537045
578,0.05464213306949017,0.011533195056912022,0.05464213306949017,0.011533195056912022
579,0.044231784673889434,0.011332166945930382,0.044231784673889434,0.011332166945930382
580,0.03421360007962395,0.01105509606400504,0.03421360007962395,0.01105509606400504
581,0.023916727541492183,0.010989938930994673,0.023916727541492183,0.010989938930994673
582,0.013655171946454136,0.010015654379618802,0.014790572725983024,0.008067210913024129
583,0.0034984169055792065,0.009521630483173858,0.008824635788572044,0.004365699008601153
584,-0.006297329135350746,0.009107161758601623,0.008196425915569903,0.007274137410060331
585,-0.015771913284432507,0.00871405121648938,0.015771913284432507,0.00871405121648938
586,-0.025947493402441967,0.00830340980972787,0.025947493402441967,0.00830340980972787
587,-0.035322948196233224,0.007849042697595626,0.035322948196233224,0.007849042697595626
588,-0.04529587083092441,0.007704302412944817,0.04529587083092441,0.007704302412944817
589,-0.055063293998444084,0.007380285629219896,0.055063293998444084,0.007380285629219896
590,-0.06492812351700424,0.007242664039844683,0.06492812351700424,0.007242664039844683
591,-0.07390085015083146,0.007605222476200217,0.07390085015083146,0.007605222476200217
592,-0.08352837411771097,0.007134792088587696,0.08352837411771097,0.007134792088587696
593,-0.09323321449772341,0.007521666804236349,0.09323321449772341,0.007521666804236349
594,-0.10223801870740784,0.007616070267605642,0.10223801870740784,0.007616070267605642
595,-0.11134244882423781,0.007703745366943834,0.11134244882423781,0.007703745366943834
596,-0.11959569970154889,0.00752295498002683,0.11959569970154889,0.00752295498002683
597,-0.1280892404990297,0.007510497549841987,0.1280892404990297,0.007510497549841987
598,-0.1362914438175935,0.008073199635340735,0.1362914438175935,0.008073199635340735
599,-0.144674257461384,0.007320655348297582,0.144674257461384,0.007320655348297582
600,-0.15308161896438094,0.007244345665673598,0.15308161896438094,0.007244345665673598
601,-0.16165747364136898,0.0075424162169498675,0.16165747364136898,0.0075424162169498675
602,-0.16949126141886428,0.00792574304688777,0.16949126141886428,0.00792574304688777
603,-0.17704590173274015,0.008479604360596738,0.17704590173274015,0.008479604360596738
604,-0.1846418149472002,0.008249318759005201,0.1846418149472002,0.008249318759005201
605,-0.19247255873870983,0.0077584929696043635,0.19247255873870983,0.0077584929696043635
606,-0.1994023615060491,0.007333802433051222,0.1994023615060491,0.007333802433051222
607,-0.20691006701465087,0.007232973625364322,0.20691006701465087,0.007232973625364322
608,-0.2149104065446672,0.0074967392469927644,0.2149104065446672,0.0074967392469927644
609,-0.22231456425536236,0.006610638479927171,0.22231456425536236,0.006610638479927171
610,-0.2295490488737276,0.005601675154165397,0.2295490488737276,0.005601675154165397
611,-0.23652768400058719,0.00518348507594095,0.23652768400058719,0.00518348507594095
612,-0.24358954668289903,0.005168801586332791,0.24358954668289903,0.005168801586332791
613,-0.2498413962733287,0.006422909719234662,0.2498413962733287,0.006422909719234662
614,-0.25651186584706476,0.006174117107344261,0.25651186584706476,0.006174117107344261
615,-0.26399942883479427,0.006208867951058762,0.26399942883479427,0.006208867951058762
616,-0.2701980271083138,0.006136436801125628,0.2701980271083138,0.006136436801125628
617,-0.27726530677993794,0.006283351737107961,0.27726530677993794,0.006283351737107961
618,-0.2826493055570253,0.006567853052773136,0.2826493055570253,0.006567853052773136
619,-0.2886594526742562,0.0067843954968088965,0.2886594526742562,0.0067843954968088965
620,-0.2942824220596436,0.00610035109066808,0.2942824220596436,0.00610035109066808
621,-0.29944752187511414,0.005095524890162899,0.29944752187511414,0.005095524890162899
622,-0.3044745907129613,0.005639128275672694,0.3044745907129613,0.005639128275672694
623,-0.3098041814737161,0.005673565483546181,0.3098041814737161,0.005673565483546181
624,-0.3143735576027355,0.005653998453801215,0.3143735576027355,0.005653998453801215
625,-0.3185513367593553,0.005252725011845302,0.3185513367593553,0.005252725011845302
626,-0.3225058567282972,0.0051470864165172135,0.3225058567282972,0.0051470864165172135
627,-0.3258819339900459,0.004977414886150025,0.3258819339900459,0.004977414886150025
628,-0.32907261508824487,0.004591088394349501,0.32907261508824487,0.004591088394349501
629,-0.33088775108096474,0.004363834783890394,0.33088775108096474,0.004363834783890394
630,-0.3335097262954066,0.004627778238025943,0.3335097262954066,0.004627778238025943
631,-0.33557688990256884,0.005446118657575496,0.33557688990256884,0.005446118657575496
632,-0.33579427234320786,0.006336790056673801,0.33579427234320786,0.006336790056673801
633,-0.3346729588012403,0.006642685141052364,0.3346729588012403,0.006642685141052364
634,-0.3327131017428811,0.00752086882913316,0.3327131017428811,0.00752086882913316
635,-0.3305858718139218,0.008364863335831965,0.3305858718139218,0.008364863335831965
636,-0.3272839096717943,0.009810069886891445,0.3272839096717943,0.009810069886891445
637,-0.32271832549839025,0.010175995528826663,0.32271832549839025,0.010175995528826663
638,-0.3166783063865672,0.009710767118281378,0.3166783063865672,0.009710767118281378
639,-0.3106666893160106,0.010297845910567933,0.3106666893160106,0.010297845910567933
640,-0.3039376327632709,0.010556487423544285,0.3039376327632709,0.010556487423544285
641,-0.29703747147254106,0.011316819480308665,0.29703747147254106,0.011316819480308665
642,-0.28919108055932946,0.011382782101467552,0.28919108055932946,0.011382782101467552
643,-0.281840800155293,0.011240169501716335,0.281840800155293,0.011240169501716335
644,-0.2745221005614958,0.011519301751337968,0.2745221005614958,0.011519301751337968
645,-0.26575453271856947,0.012441783924415934,0.26575453271856947,0.012441783924415934
646,-0.2566322757924727,0.012964542214596827,0.2566322757924727,0.012964542214596827
647,-0.24618787334761882,0.01199087118387575,0.24618787334761882,0.01199087118387575
648,-0.23665602441224132,0.011292133266134688,0.23665602441224132,0.011292133266134688
649,-0.2258909470215079,0.010419820482856364,0.2258909470215079,0.010419820482856364
650,-0.2155136983309668,0.01068733259943877,0.2155136983309668,0.01068733259943877
651,-0.2050659874591518,0.010522324592084182,0.2050659874591518,0.010522324592084182
652,-0.19422692732825575,0.010796191726719502,0.19422692732825575,0.010796191726719502
653,-0.18378165552370732,0.011146646354099442,0.18378165552370732,0.011146646354099442
654,-0.17390217641552896,0.01159517075606274,0.17390217641552896,0.01159517075606274
655,-0.16313980246182055,0.011073040120234127,0.16313980246182055,0.011073040120234127
656,-0.15283142710417022,0.011267993547213997,0.15283142710417022,0.011267993547213997
657,-0.14324805944461058,0.011327841193373201,0.14324805944461058,0.011327841193373201
658,-0.13389134792398016,0.011557764837309902,0.13389134792398016,0.011557764837309902
659,-0.125064553740866,0.011772673293791492,0.125064553740866,0.011772673293791492
660,-0.11523170694792906,0.0120638030284292,0.11523170694792906,0.0120638030284292
661,-0.10456494569945674,0.012144379118939787,0.10456494569945674,0.012144379118939787
662,-0.09444404359397666,0.012334800697176095,0.09444404359397666,0.012334800697176095
663,-0.08484876451201538,0.012733362227637594,0.08484876451201538,0.012733362227637594
664,-0.07443800659106874,0.01276833662685642,0.07443800659106874,0.01276833662685642
665,-0.06383915856050174,0.012487162053366464,0.06383915856050174,0.012487162053366464
666,-0.05395296315018566,0.012990840625614682,0.05395296315018566,0.012990840625614682
667,-0.04440876765924381,0.013028575890275073,0.04440876765924381,0.013028575890275073
668,-0.034676006255676024,0.012517096775552915,0.034676006255676024,0.012517096775552915
669,-0.02496090775756569,0.011697268139925414,0.02496090775756569,0.011697268139925414
670,-0.015843933318786738,0.011169103716310089,0.016114702528823813,0.010738193013278993
671,-0.006568521174626754,0.011438240116126812,0.010988004934879503,0.006796237743760778
672,0.002992654448379094,0.010560947252746611,0.00855799446425958,0.006434779168306081
673,0.012366701394237005,0.010218576622243344,0.012586958247613696,0.009920858721061474
674,0.02119018031107255,0.009848745339689697,0.02119018031107255,0.009848745339689697
675,0.030154637689951688,0.009890419370011764,0.030154637689951688,0.009890419370011764
676,0.03914375004778053,0.009471286579455321,0.03914375004778053,0.009471286579455321
677,0.04790861025845237,0.009290199371910078,0.04790861025845237,0.009290199371910078
678,0.05633457363605877,0.009064296340108951,0.05633457363605877,0.009064296340108951
679,0.06489402440960877,0.008056053323493819,0.06489402440960877,0.008056053323493819
680,0.07318471488490018,0.007947862205376117,0.07318471488490018,0.007947862205376117
681,0.08188825626345177,0.008902563956454678,0.08188825626345177,0.008902563956454678
682,0.09064045147645793,0.00887293554931526,0.09064045147645793,0.00887293554931526
683,0.0988460089752241,0.008972165778079242,0.0988460089752241,0.008972165778079242
684,0.10582318552388925,0.008599072178773016,0.10582318552388925,0.008599072178773016
685,0.11323649692156852,0.00792062293390034,0.11323649692156852,0.00792062293390034
686,0.12067327411295829,0.007301646484932887,0.12067327411295829,0.007301646484932887
687,0.12798801679379318,0.00674744972879413,0.12798801679379318,0.00674744972879413
688,0.13499932712799298,0.00571353664633405,0.13499932712799298,0.00571353664633405
689,0.14157481547684655,0.006888241364950792,0.14157481547684655,0.006888241364950792
690,0.14937074922564098,0.007958278535167668,0.14937074922564098,0.007958278535167668
691,0.15769785445700707,0.0077092932425759,0.15769785445700707,0.0077092932425759
692,0.16513376754530715,0.007589619860870767,0.16513376754530715,0.007589619860870767
693,0.17279252417956695,0.007467395235296617,0.17279252417956695,0.007467395235296617
694,0.1806374511788785,0.007776003239124201,0.1806374511788785,0.007776003239124201
695,0.18771175325286812,0.007657674846677273,0.18771175325286812,0.007657674846677273
696,0.1942658350698034,0.007563332062687209,0.1942658350698034,0.007563332062687209
697,0.2017554485960357,0.007531550172502577,0.2017554485960357,0.007531550172502577
698,0.208378993041303,0.007271432284470267,0.208378993041303,0.007271432284470267
699,0.215259446577073,0.008035812289572408,0.215259446577073,0.008035812289572408
700,0.22181264767491404,0.007945227386171852,0.22181264767491404,0.007945227386171852
701,0.22811383344940797,0.007474902418269609,0.22811383344940797,0.007474902418269609
702,0.23434491825924816,0.007270529985883083,0.23434491825924816,0.007270529985883083
703,0.23976466338406688,0.00707462919543533,0.23976466338406688,0.00707462919543533
704,0.24566277190471073,0.007587553422007966,0.24566277190471073,0.007587553422007966
705,0.2513186830956525,0.007733087063797964,0.2513186830956525,0.007733087063797964
706,0.256226779622398,0.007492212637039689,0.256226779622398,0.007492212637039689
707,0.26249015588650776,0.007355496785330979,0.26249015588650776,0.007355496785330979
708,0.2678179577327085,0.006804142407900381,0.2678179577327085,0.006804142407900381
709,0.27218234091257926,0.006427305106051862,0.27218234091257926,0.006427305106051862
710,0.2769241734046152,0.006231884636491643,0.2769241734046152,0.006231884636491643
711,0.28111562068899026,0.0064633174122782555,0.28111562068899026,0.0064633174122782555
712,0.2867353354516298,0.006619037429319835,0.2867353354516298,0.006619037429319835
713,0.2910149108078643,0.00742359212288021,0.2910149108078643,0.00742359212288021
714,0.29543873000626414,0.006608947325033719,0.29543873000626414,0.006608947325033719
715,0.29931003196014466,0.005451609069168153,0.29931003196014466,0.005451609069168153
716,0.3026192063217285,0.005287801032515645,0.3026192063217285,0.005287801032515645
717,0.3055350336412755,0.004350003183736348,0.3055350336412755,0.004350003183736348
718,0.30704383798221285,0.004361303614748366,0.30704383798221285,0.004361303614748366
719,0.308078486573096,0.004055551661548473,0.308078486573096,0.004055551661548473
720,0.3082234804324973,0.005334825987633157,0.3082234804324973,0.005334825987633157
721,0.3074568103852591,0.006261425807919385,0.3074568103852591,0.006261425807919385
722,0.3061491421750447,0.006005870615654174,0.3061491421750447,0.006005870615654174
723,0.304686215570867,0.006526551765961327,0.304686215570867,0.006526551765961327
724,0.30227550414994053,0.007417564947474754,0.30227550414994053,0.007417564947474754
725,0.29921727232818024,0.007530915211693449,0.29921727232818024,0.007530915211693449
726,0.29499163029389025,0.0075547335178832884,0.29499163029389025,0.0075547335178832884
727,0.29140385141227565,0.008790133506919538,0.29140385141227565,0.008790133506919538
728,0.28671596597439303,0.009305685421775931,0.28671596597439303,0.009305685421775931
729,0.28025384876543025,0.010366539500043124,0.28025384876543025,0.010366539500043124
730,0.2736597475998061,0.011935018793455751,0.2736597475998061,0.011935018793455751
731,0.2666965163234452,0.012057357588258865,0.2666965163234452,0.012057357588258865
732,0.2591335665564229,0.012922190041975977,0.2591335665564229,0.012922190041975977
733,0.2515219132794852,0.012823835970025099,0.2515219132794852,0.012823835970025099
734,0.2430514923068555,0.012708744754099019,0.2430514923068555,0.012708744754099019
735,0.23357824546039518,0.012649706407918768,0.23357824546039518,0.012649706407918768
736,0.22464378846027652,0.013162919806024962,0.22464378846027652,0.013162919806024962
737,0.21642384455457783,0.012414027771044214,0.21642384455457783,0.012414027771044214
738,0.2084918430468468,0.01167035005514365,0.2084918430468468,0.01167035005514365
739,0.20074736492674636,0.012060542893281666,0.20074736492674636,0.012060542893281666
740,0.1920702016788435,0.011085730675166425,0.1920702016788435,0.011085730675166425
741,0.18266018503123246,0.011219006298478124,0.18266018503123246,0.011219006298478124
742,0.1732817443522577,0.012306478557693666,0.1732817443522577,0.012306478557693666
743,0.16445502947787508,0.011880420375595103,0.16445502947787508,0.011880420375595103
744,0.15501185633230988,0.011222081754102794,0.15501185633230988,0.011222081754102794
745,0.146518496551839,0.011526721120185391,0.146518496551839,0.011526721120185391
746,0.13834698131063747,0.012432083378904566,0.13834698131063747,0.012432083378904566
747,0.12841104986642865,0.012606809284162693,0.12841104986642865,0.012606809284162693
748,0.11963068503861636,0.012403889184310223,0.11963068503861636,0.012403889184310223
749,0.1099723025729487,0.011700711336386596,0.1099723025729487,0.011700711336386596
750,0.09915285499301434,0.011018743310152453,0.09915285499301434,0.011018743310152453
751,0.08926572906291207,0.011142026210768399,0.08926572906291207,0.011142026210768399
752,0.0799077051546701,0.011882141269024486,0.0799077051546701,0.011882141269024486
753,0.07075635267614049,0.011619262515406464,0.07075635267614049,0.011619262515406464
754,0.062213868496932834,0.01161963762173458,0.062213868496932834,0.01161963762173458
755,0.05377909240912985,0.011298587884903379,0.05377909240912985,0.011298587884903379
756,0.04585236858991354,0.010547843130964412,0.04585236858991354,0.010547843130964412
757,0.03749302752541485,0.01132802397908914,0.03749302752541485,0.01132802397908914
758,0.030068274888965185,0.01160587533009198,0.030068274888965185,0.01160587533009198
759,0.021235558873981358,0.011787145325035763,0.021235558873981358,0.011787145325035763
760,0.013419150793077558,0.012566448572412414,0.014164899726541972,0.011639363509176827
761,0.005524025872046438,0.01200463923874367,0.010124951503066486,0.008097292603217378
762,-0.0029465573551864213,0.011059675064003984,0.009294685056730695,0.0061272335226945475
763,-0.01109617288049952,0.010804972712885615,0.012405918936619452,0.009119611852644068
764,-0.019216913732823075,0.010992865244965806,0.019216913732823075,0.010992865244965806
765,-0.02737353707153567,0.010866954800874552,0.02737353707153567,0.010866954800874552
766,-0.034725223974602655,0.010059306870236935,0.034725223974602655,0.010059306870236935
767,-0.04189654555743311,0.010230046893186323,0.04189654555743311,0.010230046893186323
768,-0.04894353982417571,0.009791900675171118,0.04894353982417571,0.009791900675171118
769,-0.055903586609962676,0.00951758652087644,0.055903586609962676,0.00951758652087644
770,-0.06293404443951654,0.009637525766578134,0.06293404443951654,0.009637525766578134
771,-0.07028772962572925,0.008844274333896042,0.07028772962572925,0.008844274333896042
772,-0.07811482185194223,0.008452412041576386,0.07811482185194223,0.008452412041576386
773,-0.08597395866801584,0.007619760338926931,0.08597395866801584,0.007619760338926931
774,-0.09370141650394037,0.007006661519905551,0.09370141650394037,0.007006661519905551
775,-0.10100534557842326,0.006593874579980941,0.10100534557842326,0.006593874579980941
776,-0.10798061259296109,0.007252739088863439,0.10798061259296109,0.007252739088863439
777,-0.11404117680879523,0.0077618851852783825,0.11404117680879523,0.0077618851852783825
778,-0.1210044611435847,0.00734911778763624,0.1210044611435847,0.00734911778763624
779,-0.12818455897799455,0.007282036560990195,0.12818455897799455,0.007282036560990195
780,-0.1347066772730868,0.006388344215886416,0.1347066772730868,0.006388344215886416
781,-0.14187349565526128,0.0064845964807895545,0.14187349565526128,0.0064845964807895545
782,-0.14919265179049868,0.006796524985236289,0.14919265179049868,0.006796524985236289
783,-0.15522168334094164,0.006859473569907177,0.15522168334094164,0.006859473569907177
784,-0.16137235423405252,0.006181598957194929,0.16137235423405252,0.006181598957194929
785,-0.1676724866335735,0.00582177795808714,0.1676724866335735,0.00582177795808714
786,-0.1734785873332749,0.00529376496570656,0.1734785873332749,0.00529376496570656
787,-0.1803050394931163,0.005008335816809239,0.1803050394931163,0.005008335816809239
788,-0.18649145958079286,0.004862606684189023,0.18649145958079286,0.004862606684189023
789,-0.19203054719480736,0.004827929045412812,0.19203054719480736,0.004827929045412812
790,-0.197449097652693,0.005364674898621839,0.197449097652693,0.005364674898621839
791,-0.2035639752457389,0.005354053787003988,0.2035639752457389,0.005354053787003988
792,-0.20853764272891306,0.004614824588077601,0.20853764272891306,0.004614824588077601
793,-0.21392108625149978,0.005283769890662881,0.21392108625149978,0.005283769890662881
794,-0.21930370805345367,0.0055574515575021405,0.21930370805345367,0.0055574515575021405
795,-0.22466657564897832,0.0051128610413262755,0.22466657564897832,0.0051128610413262755
796,-0.22970792975846074,0.005626065002991558,0.22970792975846074,0.005626065002991558
797,-0.23427023065820626,0.006307871202791673,0.23427023065820626,0.006307871202791673
798,-0.23892641624546637,0.006654134161902472,0.23892641624546637,0.006654134161902472
799,-0.24386338501328952,0.007111248354878878,0.24386338501328952,0.007111248354878878
800,-0.2481234252672525,0.00685991047404591,0.2481234252672525,0.00685991047404591
