step,signed_mean,signed_sd,absolute_mean,absolute_sd
0,1.0,0.0,1.0,0.0
1,0.9919329876452663,0.0011121073346329975,0.9919329876452663,0.0011121073346329975
2,0.9818596959788856,0.0021384981442216567,0.9818596959788856,0.0021384981442216567
3,0.9725155642719302,0.002742351073903725,0.9725155642719302,0.002742351073903725
4,0.9622763157795985,0.0027354612428640876,0.9622763157795985,0.0027354612428640876
5,0.9522542560247632,0.0025720913159189202,0.9522542560247632,0.0025720913159189202
6,0.9412823004076825,0.002711573607333079,0.9412823004076825,0.002711573607333079
7,0.9314143388205349,0.002801964659733446,0.9314143388205349,0.002801964659733446
8,0.9209181966024748,0.002990195034874825,0.9209181966024748,0.002990195034874825
9,0.9106112276024553,0.002783199617495832,0.9106112276024553,0.002783199617495832
10,0.8997076734586996,0.003138619748132285,0.8997076734586996,0.003138619748132285
11,0.8892794856796972,0.003381184065338818,0.8892794856796972,0.003381184065338818
12,0.8791595961672276,0.0035283232300417936,0.8791595961672276,0.0035283232300417936
13,0.8686990003069402,0.0039481131053621344,0.8686990003069402,0.0039481131053621344
14,0.8580657963151225,0.004179805332281495,0.8580657963151225,0.004179805332281495
15,0.8477553333654181,0.004067345862483397,0.8477553333654181,0.004067345862483397
16,0.8368848038629699,0.004096451737664843,0.8368848038629699,0.004096451737664843
17,0.8265708308248568,0.0045495447982756634,0.8265708308248568,0.0045495447982756634
18,0.8157008535181179,0.004195086186242908,0.8157008535181179,0.004195086186242908
19,0.8054074904803706,0.0037942919862657,0.8054074904803706,0.0037942919862657
20,0.794980250888068,0.0039388591893514515,0.794980250888068,0.0039388591893514515
21,0.784417932665356,0.0037219401957655704,0.784417932665356,0.0037219401957655704
22,0.7743796429483626,0.00391392651517548,0.7743796429483626,0.00391392651517548
23,0.7641572310632293,0.004015046238037338,0.7641572310632293,0.004015046238037338
24,0.7540179771765415,0.0036610296229525685,0.7540179771765415,0.0036610296229525685
25,0.7437429879353711,0.0033873324130156966,0.7437429879353711,0.0033873324130156966
26,0.7336223346108991,0.003493148005836694,0.7336223346108991,0.003493148005836694
27,0.7233976884234584,0.00372668524603043,0.7233976884234584,0.00372668524603043
28,0.7126278709908472,0.004143898406352876,0.7126278709908472,0.004143898406352876
29,0.7018613557010166,0.004517487844829328,0.7018613557010166,0.004517487844829328
30,0.691705560688285,0.0044716653194496175,0.691705560688285,0.0044716653194496175
31,0.6812228511956322,0.004389861202971825,0.6812228511956322,0.004389861202971825
32,0.6698752201832611,0.00457117045773102,0.6698752201832611,0.00457117045773102
33,0.6590892136302938,0.00481061284854814,0.6590892136302938,0.00481061284854814
34,0.6486800493033484,0.00496470043866876,0.6486800493033484,0.00496470043866876
35,0.6380139402005306,0.0047216103149277325,0.6380139402005306,0.0047216103149277325
36,0.6271137161014512,0.0048860246217436705,0.6271137161014512,0.0048860246217436705
37,0.6163965618952252,0.0049728198732552605,0.6163965618952252,0.0049728198732552605
38,0.605831454577654,0.004666634704820683,0.605831454577654,0.004666634704820683
39,0.5953866428727642,0.00494651315586248,0.5953866428727642,0.00494651315586248
40,0.5846194936869905,0.005329795142095906,0.5846194936869905,0.005329795142095906
41,0.5740714336413032,0.005953298171031888,0.5740714336413032,0.005953298171031888
42,0.5640682664510165,0.006329938886355125,0.5640682664510165,0.006329938886355125
43,0.5535017793713458,0.006411292696823327,0.5535017793713458,0.006411292696823327
44,0.5427348229012361,0.006568055424691144,0.5427348229012361,0.006568055424691144
45,0.5321881324759136,0.0065624062188458865,0.5321881324759136,0.0065624062188458865
46,0.5218941993063477,0.006237629384903699,0.5218941993063477,0.006237629384903699
47,0.5114660925852687,0.006203908460632852,0.5114660925852687,0.006203908460632852
48,0.5007860370807011,0.006045616721543173,0.5007860370807011,0.006045616721543173
49,0.4902414728369356,0.006456092022158419,0.4902414728369356,0.006456092022158419
50,0.47993215443319115,0.005823844806308703,0.47993215443319115,0.005823844806308703
51,0.46865087540140893,0.005704940676432298,0.46865087540140893,0.005704940676432298
52,0.458307101675743,0.005857192154716572,0.458307101675743,0.005857192154716572
53,0.4474205065483106,0.005933699356572939,0.4474205065483106,0.005933699356572939
54,0.4363964977994126,0.005906069934517297,0.4363964977994126,0.005906069934517297
55,0.4254102840250989,0.005736071288327911,0.4254102840250989,0.005736071288327911
56,0.4141324666353035,0.005963561856888112,0.4141324666353035,0.005963561856888112
57,0.40321104769686134,0.005671406209935972,0.40321104769686134,0.005671406209935972
58,0.3930895248366521,0.0053945945347400265,0.3930895248366521,0.0053945945347400265
59,0.38234094975567473,0.0052614525703791465,0.38234094975567473,0.0052614525703791465
60,0.37226824365479133,0.0052825018890432125,0.37226824365479133,0.0052825018890432125
61,0.3622109430806479,0.005452597130999067,0.3622109430806479,0.005452597130999067
62,0.3516818188115673,0.00497140801979102,0.3516818188115673,0.00497140801979102
63,0.34147457884234783,0.005012356550488173,0.34147457884234783,0.005012356550488173
64,0.3307760790440904,0.005141012188986757,0.3307760790440904,0.005141012188986757
65,0.3202149943375149,0.0052690893112295085,0.3202149943375149,0.0052690893112295085
66,0.30970127309873147,0.005146168678504807,0.30970127309873147,0.005146168678504807
67,0.2993957174365808,0.005094405239286848,0.2993957174365808,0.005094405239286848
68,0.28893341760972774,0.005038634883923359,0.28893341760972774,0.005038634883923359
69,0.27816131679361594,0.004963145012044326,0.27816131679361594,0.004963145012044326
70,0.2676813629460513,0.005148857460527545,0.2676813629460513,0.005148857460527545
71,0.2570315632929069,0.005267545147932481,0.2570315632929069,0.005267545147932481
72,0.24619828722517834,0.005341792882202208,0.24619828722517834,0.005341792882202208
73,0.23583661388410904,0.00547770976901888,0.23583661388410904,0.00547770976901888
74,0.22547560156399649,0.005845729024148406,0.22547560156399649,0.005845729024148406
75,0.2145368152887709,0.006054771738152926,0.2145368152887709,0.006054771738152926
76,0.20339200841741342,0.006278510628023676,0.20339200841741342,0.006278510628023676
77,0.193030328835471,0.006599099051099269,0.193030328835471,0.006599099051099269
78,0.18219255734081333,0.006483585592196367,0.18219255734081333,0.006483585592196367
79,0.1718292433666079,0.005860791336253256,0.1718292433666079,0.005860791336253256
80,0.1613165147247127,0.00580056950564207,0.1613165147247127,0.00580056950564207
81,0.15043112627992905,0.005940575050627876,0.15043112627992905,0.005940575050627876
82,0.13980112307366996,0.006047472362704573,0.13980112307366996,0.006047472362704573
83,0.12932460305224722,0.006449191005128191,0.12932460305224722,0.006449191005128191
84,0.11856071908264543,0.006388872072598582,0.11856071908264543,0.006388872072598582
85,0.10830294236777781,0.006115468088591501,0.10830294236777781,0.006115468088591501
86,0.09794578832861783,0.005599275236676071,0.09794578832861783,0.005599275236676071
87,0.0873319647381638,0.006173936015123241,0.0873319647381638,0.006173936015123241
88,0.07692042025153949,0.006287241077373671,0.07692042025153949,0.006287241077373671
89,0.06581265680128247,0.006190766939557658,0.06581265680128247,0.006190766939557658
90,0.05494345216985121,0.0063262598337129865,0.05494345216985121,0.0063262598337129865
91,0.04465337241194608,0.00642648709772182,0.04465337241194608,0.00642648709772182
92,0.033887019523253625,0.006362066108161636,0.033887019523253625,0.006362066108161636
93,0.023527945199793236,0.006625786066053116,0.023527945199793236,0.006625786066053116
94,0.012844152129714964,0.006513301434527855,0.012844152129714964,0.006513301434527855
95,0.001823262491513375,0.007020490072766624,0.005878995715587369,0.00389988852228486
96,-0.008570791078095951,0.007090613096881018,0.00908078699812859,0.006360516998527439
97,-0.019121284196247174,0.00722918556568724,0.019121284196247174,0.00722918556568724
98,-0.029497832225559056,0.006987444289712357,0.029497832225559056,0.006987444289712357
99,-0.040232133545269194,0.006643621303993316,0.040232133545269194,0.006643621303993316
100,-0.05043974989757766,0.006398315263974745,0.05043974989757766,0.006398315263974745
101,-0.06090341217860656,0.006122223484333424,0.06090341217860656,0.006122223484333424
102,-0.07143156145227639,0.006717790171677863,0.07143156145227639,0.006717790171677863
103,-0.08153673979727159,0.006625432447599922,0.08153673979727159,0.006625432447599922
104,-0.09235997564700792,0.006679459670468552,0.09235997564700792,0.006679459670468552
105,-0.10328125988755878,0.006444850156937635,0.10328125988755878,0.006444850156937635
106,-0.11366040417106583,0.006531064800161037,0.11366040417106583,0.006531064800161037
107,-0.12374797764209862,0.0069715270041136165,0.12374797764209862,0.0069715270041136165
108,-0.13408948506139373,0.006877795064176905,0.13408948506139373,0.006877795064176905
109,-0.1450132727429227,0.007109531328250459,0.1450132727429227,0.007109531328250459
110,-0.15559419524944143,0.007301823198397992,0.15559419524944143,0.007301823198397992
111,-0.16619236379188784,0.007776549850195694,0.16619236379188784,0.007776549850195694
112,-0.17651705328771972,0.007532173560417009,0.17651705328771972,0.007532173560417009
113,-0.18695876159478844,0.00823412807571407,0.18695876159478844,0.00823412807571407
114,-0.19723376581270557,0.008397264263775555,0.19723376581270557,0.008397264263775555
115,-0.2075264751017651,0.008156977653559917,0.2075264751017651,0.008156977653559917
116,-0.21814154631076563,0.008362638826471902,0.21814154631076563,0.008362638826471902
117,-0.2288934808790214,0.008037275387785514,0.2288934808790214,0.008037275387785514
118,-0.23967815597281164,0.007821549111801364,0.23967815597281164,0.007821549111801364
119,-0.25043025502262334,0.007620446910983625,0.25043025502262334,0.007620446910983625
120,-0.2608763833485442,0.007702171267796849,0.2608763833485442,0.007702171267796849
121,-0.271290063120554,0.007845520937208186,0.271290063120554,0.007845520937208186
122,-0.281479331549421,0.007771057890693381,0.281479331549421,0.007771057890693381
123,-0.2915690520675261,0.00793449018257757,0.2915690520675261,0.00793449018257757
124,-0.3019635404782345,0.007538799804344752,0.3019635404782345,0.007538799804344752
125,-0.312748696933461,0.0072067829264213,0.312748696933461,0.0072067829264213
126,-0.3232608727779499,0.007510265811035333,0.3232608727779499,0.007510265811035333
127,-0.33370482083133474,0.007695529215144248,0.33370482083133474,0.007695529215144248
128,-0.34399669763012525,0.007917922701114202,0.34399669763012525,0.007917922701114202
129,-0.3548152502468065,0.008112669002729785,0.3548152502468065,0.008112669002729785
130,-0.365395543720791,0.007952296240244523,0.365395543720791,0.007952296240244523
131,-0.37635001031920456,0.007274823238850196,0.37635001031920456,0.007274823238850196
132,-0.3872564701871055,0.00720647398379701,0.3872564701871055,0.00720647398379701
133,-0.3980415247228433,0.006844658248437081,0.3980415247228433,0.006844658248437081
134,-0.4085889546978901,0.00699548527132036,0.4085889546978901,0.00699548527132036
135,-0.4188966512571471,0.006957997070569472,0.4188966512571471,0.006957997070569472
136,-0.4295103938302977,0.006945181803393459,0.4295103938302977,0.006945181803393459
137,-0.4401588066342659,0.006526039073017308,0.4401588066342659,0.006526039073017308
138,-0.4507736334432539,0.006500983502993958,0.4507736334432539,0.006500983502993958
139,-0.46126828566084604,0.006042822987543772,0.46126828566084604,0.006042822987543772
140,-0.47193675943740043,0.005808410580595515,0.47193675943740043,0.005808410580595515
141,-0.48257157310028925,0.005585325834320534,0.48257157310028925,0.005585325834320534
142,-0.49315186224468693,0.0052527105441018814,0.49315186224468693,0.0052527105441018814
143,-0.5038680735961575,0.004440969396575098,0.5038680735961575,0.004440969396575098
144,-0.5141934970009112,0.003858563451256262,0.5141934970009112,0.003858563451256262
145,-0.5250813420277164,0.004106816067065338,0.5250813420277164,0.004106816067065338
146,-0.5354097548232167,0.00429610106091123,0.5354097548232167,0.00429610106091123
147,-0.5459721137704947,0.00444407906331656,0.5459721137704947,0.00444407906331656
148,-0.5564157494584739,0.004330291878191358,0.5564157494584739,0.004330291878191358
149,-0.5671146291842525,0.0047197167114766585,0.5671146291842525,0.0047197167114766585
150,-0.5776789926707304,0.004705649047133231,0.5776789926707304,0.004705649047133231
151,-0.5881752979493062,0.004980961427223653,0.5881752979493062,0.004980961427223653
152,-0.5986722042493724,0.004443140023190653,0.5986722042493724,0.004443140023190653
153,-0.6087943791750553,0.004198925308701117,0.6087943791750553,0.004198925308701117
154,-0.6186984967709379,0.004625421418274344,0.6186984967709379,0.004625421418274344
155,-0.6286328092892656,0.004508613971344872,0.6286328092892656,0.004508613971344872
156,-0.638175960943613,0.004115736350037562,0.638175960943613,0.004115736350037562
157,-0.6476033777287202,0.003762987426967407,0.6476033777287202,0.003762987426967407
158,-0.6566212344043713,0.003574720592925138,0.6566212344043713,0.003574720592925138
159,-0.6655001574460006,0.004032936495015305,0.6655001574460006,0.004032936495015305
160,-0.6743800988598682,0.004742302674380972,0.6743800988598682,0.004742302674380972
161,-0.6829884178720865,0.004760342070857651,0.6829884178720865,0.004760342070857651
162,-0.6913460756256399,0.004718708499960766,0.6913460756256399,0.004718708499960766
163,-0.6992964834947789,0.004922750217143958,0.6992964834947789,0.004922750217143958
164,-0.707465688358171,0.004958017693820484,0.707465688358171,0.004958017693820484
165,-0.7146482670539634,0.005669123233162498,0.7146482670539634,0.005669123233162498
166,-0.7222736086475862,0.005381530654924998,0.7222736086475862,0.005381530654924998
167,-0.7292715340132409,0.005364294003060526,0.7292715340132409,0.005364294003060526
168,-0.7361671169568451,0.005618797593622553,0.7361671169568451,0.005618797593622553
169,-0.7427071630682344,0.005252145480664522,0.7427071630682344,0.005252145480664522
170,-0.7489414543390224,0.005969848321470646,0.7489414543390224,0.005969848321470646
171,-0.7546646319226881,0.005881400155653604,0.7546646319226881,0.005881400155653604
172,-0.7606757039665814,0.006048336386754716,0.7606757039665814,0.006048336386754716
173,-0.7666714432383309,0.006187865752655433,0.7666714432383309,0.006187865752655433
174,-0.7725642355981764,0.005856818066498748,0.7725642355981764,0.005856818066498748
175,-0.7779456236760899,0.006247252390545235,0.7779456236760899,0.006247252390545235
176,-0.7831074020023582,0.0062689667163560205,0.7831074020023582,0.0062689667163560205
177,-0.7877613523188401,0.006794154058662419,0.7877613523188401,0.006794154058662419
178,-0.7919014812038562,0.0067855374410127,0.7919014812038562,0.0067855374410127
179,-0.7959454610370886,0.006485074891636594,0.7959454610370886,0.006485074891636594
180,-0.7992728868592912,0.006440706695111673,0.7992728868592912,0.006440706695111673
181,-0.8014604134371844,0.006856865985899111,0.8014604134371844,0.006856865985899111
182,-0.8029694629505518,0.006622171221648678,0.8029694629505518,0.006622171221648678
183,-0.8029011050093683,0.006603443856942645,0.8029011050093683,0.006603443856942645
184,-0.8013859465533182,0.006982854602892807,0.8013859465533182,0.006982854602892807
185,-0.7987343671927588,0.007323608105278377,0.7987343671927588,0.007323608105278377
186,-0.7951665413342236,0.007506241892453455,0.7951665413342236,0.007506241892453455
187,-0.7905292708716155,0.007590145096407469,0.7905292708716155,0.007590145096407469
188,-0.7848246425365796,0.007264101226598299,0.7848246425365796,0.007264101226598299
189,-0.7784548564063719,0.007073306432656153,0.7784548564063719,0.007073306432656153
190,-0.7721050165206392,0.007476560935321059,0.7721050165206392,0.007476560935321059
191,-0.7661298411457595,0.00783373939094146,0.7661298411457595,0.00783373939094146
192,-0.7589805774934534,0.007834079671347778,0.7589805774934534,0.007834079671347778
193,-0.751640209825534,0.007864302141657774,0.751640209825534,0.007864302141657774
194,-0.7442007405416359,0.007657341315644657,0.7442007405416359,0.007657341315644657
195,-0.7377144997912249,0.0073490670455181335,0.7377144997912249,0.0073490670455181335
196,-0.730578893897779,0.007741229667530247,0.730578893897779,0.007741229667530247
197,-0.7236640033931399,0.008310605955964993,0.7236640033931399,0.008310605955964993
198,-0.7161417951559755,0.008150783919932033,0.7161417951559755,0.008150783919932033
199,-0.7084301732556737,0.00800301493702045,0.7084301732556737,0.00800301493702045
200,-0.7011625849761697,0.007790470523935091,0.7011625849761697,0.007790470523935091
201,-0.6937412943666009,0.00751235209800113,0.6937412943666009,0.00751235209800113
202,-0.6854509336824021,0.007728677720518634,0.6854509336824021,0.007728677720518634
203,-0.677772055997011,0.008785553349934734,0.677772055997011,0.008785553349934734
204,-0.6698246839213575,0.00910515359904814,0.6698246839213575,0.00910515359904814
205,-0.6618260979623835,0.009264391837112593,0.6618260979623835,0.009264391837112593
206,-0.653892395904104,0.00964739216288485,0.653892395904104,0.00964739216288485
207,-0.6452645354217311,0.009812858616933793,0.6452645354217311,0.009812858616933793
208,-0.636687847551857,0.009717189521904477,0.636687847551857,0.009717189521904477
209,-0.6284699029932701,0.00893959773144664,0.6284699029932701,0.00893959773144664
210,-0.6198465884874971,0.008498380340214674,0.6198465884874971,0.008498380340214674
211,-0.6114909805021053,0.008378839886870706,0.6114909805021053,0.008378839886870706
212,-0.6036628790119205,0.00752357540824504,0.6036628790119205,0.00752357540824504
213,-0.5951374133058259,0.008320313496426673,0.5951374133058259,0.008320313496426673
214,-0.5866099934219778,0.008458553904072618,0.5866099934219778,0.008458553904072618
215,-0.578321132443102,0.00796084336992659,0.578321132443102,0.00796084336992659
216,-0.5695729142477536,0.008062288551970878,0.5695729142477536,0.008062288551970878
217,-0.5608607648944567,0.007898872261696459,0.5608607648944567,0.007898872261696459
218,-0.5523705171328394,0.007551917113968341,0.5523705171328394,0.007551917113968341
219,-0.5440627710306408,0.007530758548904415,0.5440627710306408,0.007530758548904415
220,-0.5354011539502129,0.007139073979241162,0.5354011539502129,0.007139073979241162
221,-0.5262860312483069,0.006691322098440312,0.5262860312483069,0.006691322098440312
222,-0.5179487735321511,0.006606983452068946,0.5179487735321511,0.006606983452068946
223,-0.5095046867823073,0.006413063738199462,0.5095046867823073,0.006413063738199462
224,-0.5006375749094095,0.006144108019221776,0.5006375749094095,0.006144108019221776
225,-0.49213073671203583,0.006141267054588413,0.49213073671203583,0.006141267054588413
226,-0.48329986385032225,0.006124442902164822,0.48329986385032225,0.006124442902164822
227,-0.4743175189304129,0.0061777677012819525,0.4743175189304129,0.0061777677012819525
228,-0.4654058376611761,0.006417248993435259,0.4654058376611761,0.006417248993435259
229,-0.45618712163643244,0.006206998231889316,0.45618712163643244,0.006206998231889316
230,-0.4471865914743416,0.0060157722139628726,0.4471865914743416,0.0060157722139628726
231,-0.4378302242136008,0.006550805004754264,0.4378302242136008,0.006550805004754264
232,-0.42864174458440213,0.0061310347129656315,0.42864174458440213,0.0061310347129656315
233,-0.420113484366418,0.006259860624389218,0.420113484366418,0.006259860624389218
234,-0.4110590574517839,0.006029190607590737,0.4110590574517839,0.006029190607590737
235,-0.40143050168110544,0.005691887308985738,0.40143050168110544,0.005691887308985738
236,-0.39280534384958804,0.005555425400081293,0.39280534384958804,0.005555425400081293
237,-0.383952067336999,0.005863591588111137,0.383952067336999,0.005863591588111137
238,-0.37471288940876074,0.005979201813643493,0.37471288940876074,0.005979201813643493
239,-0.3652360641355954,0.006197006964144172,0.3652360641355954,0.006197006964144172
240,-0.3560637680737306,0.006555455931642754,0.3560637680737306,0.006555455931642754
241,-0.3470431060908072,0.006853055669171584,0.3470431060908072,0.006853055669171584
242,-0.3382749653367996,0.007124454227211982,0.3382749653367996,0.007124454227211982
243,-0.3287121831421857,0.0064737782445656415,0.3287121831421857,0.0064737782445656415
244,-0.31961102224098525,0.007040795672967314,0.31961102224098525,0.007040795672967314
245,-0.310607576843967,0.007114169154329564,0.310607576843967,0.007114169154329564
246,-0.3017077911078265,0.0069026978761326995,0.3017077911078265,0.0069026978761326995
247,-0.29233470094951425,0.005920779895386204,0.29233470094951425,0.005920779895386204
248,-0.2827560470390582,0.00613482342524283,0.2827560470390582,0.00613482342524283
249,-0.27334978127371307,0.006414682463552862,0.27334978127371307,0.006414682463552862
250,-0.26364879020206805,0.006339540668865651,0.26364879020206805,0.006339540668865651
251,-0.2542721924514085,0.006689881655910424,0.2542721924514085,0.006689881655910424
252,-0.24481397415541326,0.007147373308047579,0.24481397415541326,0.007147373308047579
253,-0.23523304787662946,0.007051277331916808,0.23523304787662946,0.007051277331916808
254,-0.22582285439826374,0.007219103799791569,0.22582285439826374,0.007219103799791569
255,-0.21675545276005517,0.007203844308052464,0.21675545276005517,0.007203844308052464
256,-0.20749886078983368,0.00733637066059151,0.20749886078983368,0.00733637066059151
257,-0.1979024197011163,0.0075677397512901165,0.1979024197011163,0.0075677397512901165
258,-0.18849529848014276,0.007587604478868158,0.18849529848014276,0.007587604478868158
259,-0.17898373509595344,0.007408600207293471,0.17898373509595344,0.007408600207293471
260,-0.16998071216130675,0.007343329458285978,0.16998071216130675,0.007343329458285978
261,-0.16087898696391975,0.007092769963767122,0.16087898696391975,0.007092769963767122
262,-0.1514559925285633,0.00675553410221739,0.1514559925285633,0.00675553410221739
263,-0.1417890267606415,0.006497678526651915,0.1417890267606415,0.006497678526651915
264,-0.13226051604899144,0.006042232208136289,0.13226051604899144,0.006042232208136289
265,-0.12232381626904361,0.006700853651069694,0.12232381626904361,0.006700853651069694
266,-0.11304898548323396,0.006955417650023478,0.11304898548323396,0.006955417650023478
267,-0.1033839019511616,0.007090732944124088,0.1033839019511616,0.007090732944124088
268,-0.09368544232845481,0.007031443108566328,0.09368544232845481,0.007031443108566328
269,-0.08361227390818261,0.0075543572502179135,0.08361227390818261,0.0075543572502179135
270,-0.07399983894771528,0.0075089138438095455,0.07399983894771528,0.0075089138438095455
271,-0.06476136860869806,0.00786090742548875,0.06476136860869806,0.00786090742548875
272,-0.0553860623981773,0.007928170097579807,0.0553860623981773,0.007928170097579807
273,-0.04578748545406323,0.008386873126512475,0.04578748545406323,0.008386873126512475
274,-0.03617641016708672,0.008009033359847784,0.03617641016708672,0.008009033359847784
275,-0.02685140759783781,0.008258925206977049,0.02685140759783781,0.008258925206977049
276,-0.017917233736415596,0.009013831978246524,0.017917233736415596,0.009013831978246524
277,-0.008560323073092492,0.009104607629682753,0.010023013305100312,0.00729665369014687
278,0.0012092626473900131,0.009544533878585953,0.008513878800438994,0.0036902032909746744
279,0.010429566151520145,0.0090978647534103,0.010429566151520145,0.0090978647534103
280,0.020481738838119965,0.008656546239918043,0.020481738838119965,0.008656546239918043
281,0.029855701561921088,0.008568001631819921,0.029855701561921088,0.008568001631819921
282,0.03950475079375042,0.008773544757941796,0.03950475079375042,0.008773544757941796
283,0.04871211137581508,0.008806690383325431,0.04871211137581508,0.008806690383325431
284,0.05844142064563931,0.008267368563878861,0.05844142064563931,0.008267368563878861
285,0.06819172582240078,0.00837706973773184,0.06819172582240078,0.00837706973773184
286,0.07783815767177603,0.009370292584017996,0.07783815767177603,0.009370292584017996
287,0.08760215054770891,0.00963062245303534,0.08760215054770891,0.00963062245303534
288,0.09738632029788012,0.009326956191587065,0.09738632029788012,0.009326956191587065
289,0.10749292659489512,0.009113830860589926,0.10749292659489512,0.009113830860589926
290,0.11759759776074287,0.008949166566020664,0.11759759776074287,0.008949166566020664
291,0.12743105589283846,0.008385420659178248,0.12743105589283846,0.008385420659178248
292,0.13673977977157056,0.00862847057072112,0.13673977977157056,0.00862847057072112
293,0.14654090335880318,0.008321608646118308,0.14654090335880318,0.008321608646118308
294,0.1563389711441333,0.008253823292311443,0.1563389711441333,0.008253823292311443
295,0.1664453049863257,0.007870077606697654,0.1664453049863257,0.007870077606697654
296,0.17628024741838966,0.00808470315754463,0.17628024741838966,0.00808470315754463
297,0.1860806967082763,0.008483179088318782,0.1860806967082763,0.008483179088318782
298,0.19547137411094292,0.007927943997314807,0.19547137411094292,0.007927943997314807
299,0.20513480559042166,0.007588289671000654,0.20513480559042166,0.007588289671000654
300,0.21530517021798035,0.006994370587967974,0.21530517021798035,0.006994370587967974
301,0.22529158227552418,0.006831485703708682,0.22529158227552418,0.006831485703708682
302,0.23517779422563911,0.00679608663034165,0.23517779422563911,0.00679608663034165
303,0.24490888780252842,0.006253112066982055,0.24490888780252842,0.006253112066982055
304,0.25475913504054065,0.005982124031602352,0.25475913504054065,0.005982124031602352
305,0.2642371433066584,0.005802018646770259,0.2642371433066584,0.005802018646770259
306,0.2737829396244304,0.005632081813828253,0.2737829396244304,0.005632081813828253
307,0.283326178563522,0.005614386664427542,0.283326178563522,0.005614386664427542
308,0.29305656568454197,0.005303628792222649,0.29305656568454197,0.005303628792222649
309,0.3029081269757686,0.005443495808576311,0.3029081269757686,0.005443495808576311
310,0.31296338728089396,0.0054189042541885075,0.31296338728089396,0.0054189042541885075
311,0.3227781370265484,0.005212852187871449,0.3227781370265484,0.005212852187871449
312,0.33257778958046713,0.005535527959476628,0.33257778958046713,0.005535527959476628
313,0.3421189060279721,0.004775519449998793,0.3421189060279721,0.004775519449998793
314,0.35197038957370896,0.004112164842568061,0.35197038957370896,0.004112164842568061
315,0.3617370084485156,0.003982416393976982,0.3617370084485156,0.003982416393976982
316,0.3710935563977145,0.0034302813035030468,0.3710935563977145,0.0034302813035030468
317,0.38031344987705223,0.0031456571976901868,0.38031344987705223,0.0031456571976901868
318,0.38933051860550977,0.002892997839145825,0.38933051860550977,0.002892997839145825
319,0.3984885609354447,0.0035029848986179134,0.3984885609354447,0.0035029848986179134
320,0.4074222107003662,0.003448907332286147,0.4074222107003662,0.003448907332286147
321,0.4166280854695259,0.0035838597448385077,0.4166280854695259,0.0035838597448385077
322,0.4250372364158224,0.00435263796618298,0.4250372364158224,0.00435263796618298
323,0.4336989111922555,0.004291824920523501,0.4336989111922555,0.004291824920523501
324,0.44223994270037337,0.004374416908766527,0.44223994270037337,0.004374416908766527
325,0.45027512880442094,0.004613571831856408,0.45027512880442094,0.004613571831856408
326,0.45861242027496213,0.004198424782303864,0.45861242027496213,0.004198424782303864
327,0.46759497648294385,0.004230394763963777,0.46759497648294385,0.004230394763963777
328,0.4761044277431867,0.004507442668474702,0.4761044277431867,0.004507442668474702
329,0.4841232388727752,0.0050285805656413805,0.4841232388727752,0.0050285805656413805
330,0.49205440660083477,0.004848606369262405,0.49205440660083477,0.004848606369262405
331,0.49973173137981247,0.004773883037968019,0.49973173137981247,0.004773883037968019
332,0.5067124628932623,0.004740230739994928,0.5067124628932623,0.004740230739994928
333,0.513691715926618,0.004918337408522124,0.513691715926618,0.004918337408522124
334,0.5208928459212488,0.0052890405147196515,0.5208928459212488,0.0052890405147196515
335,0.5277706100316216,0.0050555633652070026,0.5277706100316216,0.0050555633652070026
336,0.53468212756492,0.004987125109493455,0.53468212756492,0.004987125109493455
337,0.5414412381859331,0.005359921669310869,0.5414412381859331,0.005359921669310869
338,0.5484874234078768,0.005060194780616038,0.5484874234078768,0.005060194780616038
339,0.554856990842106,0.004624821229580073,0.554856990842106,0.004624821229580073
340,0.561274941684858,0.004064285356699088,0.561274941684858,0.004064285356699088
341,0.5676399449988155,0.004387996759784754,0.5676399449988155,0.004387996759784754
342,0.5739717631033465,0.00466665014742044,0.5739717631033465,0.00466665014742044
343,0.5802225697574745,0.00437661652813874,0.5802225697574745,0.00437661652813874
344,0.5859114213138494,0.004171998607792643,0.5859114213138494,0.004171998607792643
345,0.5915155902443971,0.0045546449714388435,0.5915155902443971,0.0045546449714388435
346,0.5974278067480038,0.004405999066397192,0.5974278067480038,0.004405999066397192
347,0.6034056920104215,0.0042428796464243105,0.6034056920104215,0.0042428796464243105
348,0.6087212079992291,0.004226678842814951,0.6087212079992291,0.004226678842814951
349,0.6140212677701036,0.0039197531633130885,0.6140212677701036,0.0039197531633130885
350,0.6190454053246883,0.004341858639980211,0.6190454053246883,0.004341858639980211
351,0.6242415700840388,0.004419978794023698,0.6242415700840388,0.004419978794023698
352,0.6298625947312475,0.00443773855428207,0.6298625947312475,0.00443773855428207
353,0.6348230985027453,0.0044324465012265425,0.6348230985027453,0.0044324465012265425
354,0.6398827692586426,0.004002969501160856,0.6398827692586426,0.004002969501160856
355,0.6448746985302731,0.004027538022659888,0.6448746985302731,0.004027538022659888
356,0.6497830105379595,0.003970427482490373,0.6497830105379595,0.003970427482490373
357,0.6548945922270749,0.003924609162146293,0.6548945922270749,0.003924609162146293
358,0.6596162819313481,0.003839621211283569,0.6596162819313481,0.003839621211283569
359,0.6640303195863547,0.003785694214374472,0.6640303195863547,0.003785694214374472
360,0.6681229037319277,0.0037981939541454424,0.6681229037319277,0.0037981939541454424
361,0.6717919222826292,0.0035241717807457103,0.6717919222826292,0.0035241717807457103
362,0.6757677007390468,0.00288414103958734,0.6757677007390468,0.00288414103958734
363,0.6794684935053835,0.0034026205619208483,0.6794684935053835,0.0034026205619208483
364,0.6820850052197289,0.003947968175893894,0.6820850052197289,0.003947968175893894
365,0.6845334919399934,0.00391779888473403,0.6845334919399934,0.00391779888473403
366,0.685878523392584,0.003937645954863158,0.685878523392584,0.003937645954863158
367,0.6860485637599897,0.004389919620647564,0.6860485637599897,0.004389919620647564
368,0.6849100356420533,0.004953863734559006,0.6849100356420533,0.004953863734559006
369,0.6826859681251037,0.005550336598144837,0.6826859681251037,0.005550336598144837
370,0.680017955387934,0.005697243138886791,0.680017955387934,0.005697243138886791
371,0.6767076645096725,0.005749199061194256,0.6767076645096725,0.005749199061194256
372,0.67147435885777,0.0060833829958753,0.67147435885777,0.0060833829958753
373,0.6660669204408062,0.006893298550911226,0.6660669204408062,0.006893298550911226
374,0.6605437597380943,0.007353791409847274,0.6605437597380943,0.007353791409847274
375,0.65422383725295,0.007493707069472155,0.65422383725295,0.007493707069472155
376,0.6483623071641614,0.007725046786131913,0.6483623071641614,0.007725046786131913
377,0.6420309910410803,0.007862514770639057,0.6420309910410803,0.007862514770639057
378,0.6355277674228587,0.00780188149005443,0.6355277674228587,0.00780188149005443
379,0.6287849735955936,0.007933785125950258,0.6287849735955936,0.007933785125950258
380,0.6223528396342761,0.007770482742310553,0.6223528396342761,0.007770482742310553
381,0.6156769255183719,0.007699585874808464,0.6156769255183719,0.007699585874808464
382,0.608493575093733,0.007482396317154657,0.608493575093733,0.007482396317154657
383,0.6015640500597974,0.008057534123912411,0.6015640500597974,0.008057534123912411
384,0.5945004576317577,0.008277358459714676,0.5945004576317577,0.008277358459714676
385,0.5873484623631864,0.0081925468592146,0.5873484623631864,0.0081925468592146
386,0.5806214072150832,0.008454337888795526,0.5806214072150832,0.008454337888795526
387,0.5738281166532624,0.008271116636572578,0.5738281166532624,0.008271116636572578
388,0.566862863529267,0.008164040041463844,0.566862863529267,0.008164040041463844
389,0.5597286313115699,0.007928413948041916,0.5597286313115699,0.007928413948041916
390,0.5523177585334096,0.00856418945872164,0.5523177585334096,0.00856418945872164
391,0.5449624866618624,0.009009310042315418,0.5449624866618624,0.009009310042315418
392,0.5371528194861159,0.009304703195275654,0.5371528194861159,0.009304703195275654
393,0.5295268102397345,0.00950104713744056,0.5295268102397345,0.00950104713744056
394,0.5216069557732127,0.010074092054509088,0.5216069557732127,0.010074092054509088
395,0.5142869193101235,0.009931124290018549,0.5142869193101235,0.009931124290018549
396,0.5065936608074538,0.00973909446597898,0.5065936608074538,0.00973909446597898
397,0.49849385850392425,0.009578209422012042,0.49849385850392425,0.009578209422012042
398,0.4904945233786455,0.009284968175113721,0.4904945233786455,0.009284968175113721
399,0.48275152346571826,0.009420730240224032,0.48275152346571826,0.009420730240224032
400,0.4750093915571176,0.009353672443756943,0.4750093915571176,0.009353672443756943
401,0.46644833881268855,0.009592675175778633,0.46644833881268855,0.009592675175778633
402,0.45901051295366174,0.009706892747530263,0.45901051295366174,0.009706892747530263
403,0.45155740334487277,0.009438304922471767,0.45155740334487277,0.009438304922471767
404,0.44389822158326897,0.009514925319774908,0.44389822158326897,0.009514925319774908
405,0.43593168353475603,0.009377311550437684,0.43593168353475603,0.009377311550437684
406,0.4280851841690623,0.009095962016511598,0.4280851841690623,0.009095962016511598
407,0.41994899782038275,0.009064354438343462,0.41994899782038275,0.009064354438343462
408,0.4122062420801262,0.008953835865650973,0.4122062420801262,0.008953835865650973
409,0.4047324871024005,0.00908869605307061,0.4047324871024005,0.00908869605307061
410,0.3964923613634494,0.00962638039361795,0.3964923613634494,0.00962638039361795
411,0.38835426036201653,0.01045008073520315,0.38835426036201653,0.01045008073520315
412,0.38040545834726913,0.010005666302853754,0.38040545834726913,0.010005666302853754
413,0.372135763220621,0.009131770372983518,0.372135763220621,0.009131770372983518
414,0.3644098813649667,0.009066890250220611,0.3644098813649667,0.009066890250220611
415,0.3565290521804194,0.009056789181205716,0.3565290521804194,0.009056789181205716
416,0.34863448173063866,0.009445534157531821,0.34863448173063866,0.009445534157531821
417,0.34021092690870836,0.009401140862851095,0.34021092690870836,0.009401140862851095
418,0.3318549869610108,0.009187635544335855,0.3318549869610108,0.009187635544335855
419,0.32419629457032223,0.008753696885319726,0.32419629457032223,0.008753696885319726
420,0.31646960393847906,0.008501937741745885,0.31646960393847906,0.008501937741745885
421,0.3079961466992332,0.007873466710361508,0.3079961466992332,0.007873466710361508
422,0.2994581290081147,0.007793032080414308,0.2994581290081147,0.007793032080414308
423,0.2911025209680352,0.008233167573050053,0.2911025209680352,0.008233167573050053
424,0.2829866627568222,0.008425792659202147,0.2829866627568222,0.008425792659202147
425,0.27487148195433436,0.00842213817851768,0.27487148195433436,0.00842213817851768
426,0.26705754397737663,0.008647617297483597,0.26705754397737663,0.008647617297483597
427,0.25919343286325275,0.008408886158540936,0.25919343286325275,0.008408886158540936
428,0.2509193176478214,0.008506135061082139,0.2509193176478214,0.008506135061082139
429,0.24169452574638317,0.00816671678265766,0.24169452574638317,0.00816671678265766
430,0.23325237995617396,0.007842385338627935,0.23325237995617396,0.007842385338627935
431,0.22482370657106454,0.007718706119771975,0.22482370657106454,0.007718706119771975
432,0.21651688903864996,0.007836885410516324,0.21651688903864996,0.007836885410516324
433,0.20890518733457775,0.007879475276028699,0.20890518733457775,0.007879475276028699
434,0.20097199897257542,0.008311688765981703,0.20097199897257542,0.008311688765981703
435,0.19210587559674397,0.00819636510052943,0.19210587559674397,0.00819636510052943
436,0.18400691952339063,0.008134021837839945,0.18400691952339063,0.008134021837839945
437,0.1760092774762714,0.008204725824913238,0.1760092774762714,0.008204725824913238
438,0.1679076692764052,0.008095692832277847,0.1679076692764052,0.008095692832277847
439,0.15983867579746797,0.008192157815620892,0.15983867579746797,0.008192157815620892
440,0.15123031280617924,0.008359253947151583,0.15123031280617924,0.008359253947151583
441,0.14211384632316135,0.008029427819023157,0.14211384632316135,0.008029427819023157
442,0.13354036486496582,0.008080375399667742,0.13354036486496582,0.008080375399667742
443,0.1255943884447909,0.00890524085165782,0.1255943884447909,0.00890524085165782
444,0.11730570223428523,0.008819708805678762,0.11730570223428523,0.008819708805678762
445,0.10901623941577399,0.008456813114554968,0.10901623941577399,0.008456813114554968
446,0.10008452208618072,0.008420611195135952,0.10008452208618072,0.008420611195135952
447,0.09111567485606532,0.008910135845431062,0.09111567485606532,0.008910135845431062
448,0.08246493727504955,0.009585350473533366,0.08246493727504955,0.009585350473533366
449,0.07400751351367078,0.009406667304444581,0.07400751351367078,0.009406667304444581
450,0.06532680919503711,0.009574346268319005,0.06532680919503711,0.009574346268319005
451,0.05625599962366581,0.009079457075983979,0.05625599962366581,0.009079457075983979
452,0.04764315125713645,0.008885346710226966,0.04764315125713645,0.008885346710226966
453,0.03911635776484448,0.008446678223336182,0.03911635776484448,0.008446678223336182
454,0.030181958129198775,0.0076586063184034105,0.030181958129198775,0.0076586063184034105
455,0.021654698246956493,0.007485057610207445,0.021654698246956493,0.007485057610207445
456,0.01226109963599853,0.00743230483914157,0.012449655980062424,0.007082104660114361
457,0.003393281782051718,0.0074717057514234984,0.006531440662102688,0.004674359311979976
458,-0.005506374278915566,0.007541759629401225,0.0075022673098840385,0.005343587799757642
459,-0.014489277268665146,0.007756408138503522,0.014489277268665146,0.007756408138503522
460,-0.02347383037003665,0.007462917253824168,0.02347383037003665,0.007462917253824168
461,-0.03204773711863532,0.007159878684595877,0.03204773711863532,0.007159878684595877
462,-0.04068978725732621,0.006911251481503404,0.04068978725732621,0.006911251481503404
463,-0.0496062592493701,0.006228578582020207,0.0496062592493701,0.006228578582020207
464,-0.05862308888168793,0.005932492254405219,0.05862308888168793,0.005932492254405219
465,-0.0672153773243448,0.006075597557245359,0.0672153773243448,0.006075597557245359
466,-0.07660772693789586,0.00590490215277099,0.07660772693789586,0.00590490215277099
467,-0.08591349847398237,0.005916375745295555,0.08591349847398237,0.005916375745295555
468,-0.09497821711692052,0.006258774074753198,0.09497821711692052,0.006258774074753198
469,-0.10328370569568128,0.005909956205094765,0.10328370569568128,0.005909956205094765
470,-0.11196408404783163,0.005472972549929829,0.11196408404783163,0.005472972549929829
471,-0.12071201452037615,0.005605571685172189,0.12071201452037615,0.005605571685172189
472,-0.1293923538846692,0.0055565264842437605,0.1293923538846692,0.0055565264842437605
473,-0.13806981643648078,0.004616174610728976,0.13806981643648078,0.004616174610728976
474,-0.14593411583606836,0.0045702331722006885,0.14593411583606836,0.0045702331722006885
475,-0.15427217540610094,0.004662452385369869,0.15427217540610094,0.004662452385369869
476,-0.1631706094103341,0.004563136076698601,0.1631706094103341,0.004563136076698601
477,-0.171340524799096,0.004728825938382872,0.171340524799096,0.004728825938382872
478,-0.18000194171693482,0.004604400202274147,0.18000194171693482,0.004604400202274147
479,-0.1885601133013398,0.004047206714099757,0.1885601133013398,0.004047206714099757
480,-0.19652615007141808,0.004146036388147655,0.19652615007141808,0.004146036388147655
481,-0.2052584667379427,0.004195319061510087,0.2052584667379427,0.004195319061510087
482,-0.21347779709492934,0.0038929060593415146,0.21347779709492934,0.0038929060593415146
483,-0.221816561359551,0.004440046030195231,0.221816561359551,0.004440046030195231
484,-0.23034236764438187,0.004441166701871071,0.23034236764438187,0.004441166701871071
485,-0.23864678226369496,0.004552663578576347,0.23864678226369496,0.004552663578576347
486,-0.2466830734121688,0.00485941439967999,0.2466830734121688,0.00485941439967999
487,-0.2546156188933429,0.005153232247034686,0.2546156188933429,0.005153232247034686
488,-0.26241192223882365,0.005545593538181283,0.26241192223882365,0.005545593538181283
489,-0.2708875022962339,0.005352009424999209,0.2708875022962339,0.005352009424999209
490,-0.2787155438554151,0.004932742634376736,0.2787155438554151,0.004932742634376736
491,-0.2870368924945564,0.004781916518066146,0.2870368924945564,0.004781916518066146
492,-0.29437311764941304,0.004770957016317804,0.29437311764941304,0.004770957016317804
493,-0.30200065740580917,0.004947518686468295,0.30200065740580917,0.004947518686468295
494,-0.30962340353004125,0.00475336942686193,0.30962340353004125,0.00475336942686193
495,-0.31690800504865096,0.004630581667475553,0.31690800504865096,0.004630581667475553
496,-0.32431191629670536,0.004180749101980767,0.32431191629670536,0.004180749101980767
497,-0.3316468809165623,0.004021484842414251,0.3316468809165623,0.004021484842414251
498,-0.3385242846037655,0.0032712065712181587,0.3385242846037655,0.0032712065712181587
499,-0.3449770025413261,0.003298719416363096,0.3449770025413261,0.003298719416363096
500,-0.3514979646232506,0.003395091072169475,0.3514979646232506,0.003395091072169475
501,-0.3581518069847979,0.0036682663887454194,0.3581518069847979,0.0036682663887454194
502,-0.36482882012462653,0.00330106687452775,0.36482882012462653,0.00330106687452775
503,-0.3716929037979697,0.00359814427087625,0.3716929037979697,0.00359814427087625
504,-0.37814310031094095,0.0037552999438159877,0.37814310031094095,0.0037552999438159877
505,-0.38412418922786573,0.0033706667478462433,0.38412418922786573,0.0033706667478462433
506,-0.3905796178015916,0.004192029519706599,0.3905796178015916,0.004192029519706599
507,-0.39676339898623825,0.003625837671522564,0.39676339898623825,0.003625837671522564
508,-0.4033215565423276,0.003586671978318265,0.4033215565423276,0.003586671978318265
509,-0.4092493479736458,0.003730765440265804,0.4092493479736458,0.003730765440265804
510,-0.41507228963431236,0.003891105455278237,0.41507228963431236,0.003891105455278237
511,-0.4206608934092814,0.004119391472908835,0.4206608934092814,0.004119391472908835
512,-0.42616441490956053,0.004594920809072558,0.42616441490956053,0.004594920809072558
513,-0.43188746482011514,0.004457045535709532,0.43188746482011514,0.004457045535709532
514,-0.43757835851806987,0.0049461312256085166,0.43757835851806987,0.0049461312256085166
515,-0.4427915001532019,0.004987787534294094,0.4427915001532019,0.004987787534294094
516,-0.4476980253080942,0.004796299643804334,0.4476980253080942,0.004796299643804334
517,-0.45350711980734665,0.004807200329025616,0.45350711980734665,0.004807200329025616
518,-0.4588542981602665,0.005267007357863497,0.4588542981602665,0.005267007357863497
519,-0.4641357820194915,0.0052573394882313735,0.4641357820194915,0.0052573394882313735
520,-0.46875559993712707,0.005377869407545385,0.46875559993712707,0.005377869407545385
521,-0.4745985796409658,0.005325946290374677,0.4745985796409658,0.005325946290374677
522,-0.47980865293046243,0.0047830694300586545,0.47980865293046243,0.0047830694300586545
523,-0.484833827515789,0.004206956138660722,0.484833827515789,0.004206956138660722
524,-0.48936487000335643,0.004398076033243173,0.48936487000335643,0.004398076033243173
525,-0.4942389150113185,0.004419948508656883,0.4942389150113185,0.004419948508656883
526,-0.49909680964411146,0.003800696747673298,0.49909680964411146,0.003800696747673298
527,-0.5033742551707325,0.0038150902068402543,0.5033742551707325,0.0038150902068402543
528,-0.5078743340985445,0.0038048039640459904,0.5078743340985445,0.0038048039640459904
529,-0.5121885415729636,0.004264077976144699,0.5121885415729636,0.004264077976144699
530,-0.5165564124788591,0.004308576448648462,0.5165564124788591,0.004308576448648462
531,-0.5209194499846765,0.004255528081520964,0.5209194499846765,0.004255528081520964
532,-0.5249979320469692,0.004241585974596866,0.5249979320469692,0.004241585974596866
533,-0.5293824983561953,0.004201769314567589,0.5293824983561953,0.004201769314567589
534,-0.5337977448835158,0.004745910826749673,0.5337977448835158,0.004745910826749673
535,-0.5374161628746656,0.004588367785106717,0.5374161628746656,0.004588367785106717
536,-0.5411551684955785,0.004130048996465141,0.5411551684955785,0.004130048996465141
537,-0.5457942850338408,0.004441980576254056,0.5457942850338408,0.004441980576254056
538,-0.5501898011662082,0.00471477538785169,0.5501898011662082,0.00471477538785169
539,-0.553805016127081,0.004656381312271933,0.553805016127081,0.004656381312271933
540,-0.5579972707748785,0.004924560766276035,0.5579972707748785,0.004924560766276035
541,-0.5618700833164045,0.004715398578393219,0.5618700833164045,0.004715398578393219
542,-0.5656756153813717,0.004576566419534077,0.5656756153813717,0.004576566419534077
543,-0.5687002447396948,0.0048911541929789444,0.5687002447396948,0.0048911541929789444
544,-0.5719925620844039,0.004902258736059447,0.5719925620844039,0.004902258736059447
545,-0.5756781236365802,0.004960316658654215,0.5756781236365802,0.004960316658654215
546,-0.5786147375937155,0.0052289655668956445,0.5786147375937155,0.0052289655668956445
547,-0.581652545900262,0.005704868968994965,0.581652545900262,0.005704868968994965
548,-0.5834841876370213,0.005971908147577945,0.5834841876370213,0.005971908147577945
549,-0.5848776250238369,0.006436680348783333,0.5848776250238369,0.006436680348783333
550,-0.584841537803288,0.0068326060191448755,0.584841537803288,0.0068326060191448755
551,-0.5838735133973428,0.007345870130772584,0.5838735133973428,0.007345870130772584
552,-0.5827025764607694,0.007911636976976966,0.5827025764607694,0.007911636976976966
553,-0.5802591315821987,0.008132042379609666,0.5802591315821987,0.008132042379609666
554,-0.5769825943274641,0.008617994258382498,0.5769825943274641,0.008617994258382498
555,-0.5729549775171395,0.00904220799188604,0.5729549775171395,0.00904220799188604
556,-0.5688629006782236,0.009331282068608497,0.5688629006782236,0.009331282068608497
557,-0.5644964348712255,0.009923702306400517,0.5644964348712255,0.009923702306400517
558,-0.5591508401667066,0.009660395629391843,0.5591508401667066,0.009660395629391843
559,-0.5541755753924886,0.009963816663746433,0.5541755753924886,0.009963816663746433
560,-0.5484330394903615,0.010432178711795397,0.5484330394903615,0.010432178711795397
561,-0.5426725505641161,0.0108221524644472,0.5426725505641161,0.0108221524644472
562,-0.5370128015983892,0.010834332776468905,0.5370128015983892,0.010834332776468905
563,-0.5308795421761198,0.011036433875559066,0.5308795421761198,0.011036433875559066
564,-0.5247983747410147,0.010978413020858642,0.5247983747410147,0.010978413020858642
565,-0.5188556128791819,0.011442649362335222,0.5188556128791819,0.011442649362335222
566,-0.5124701619864975,0.01216821054569258,0.5124701619864975,0.01216821054569258
567,-0.5055374670936271,0.011826840816549073,0.5055374670936271,0.011826840816549073
568,-0.498441779044229,0.011174338487421121,0.498441779044229,0.011174338487421121
569,-0.49163148362533665,0.011657317847801165,0.49163148362533665,0.011657317847801165
570,-0.4848433767136706,0.01167893620696911,0.4848433767136706,0.01167893620696911
571,-0.4781008632430916,0.012042975164168702,0.4781008632430916,0.012042975164168702
572,-0.4708768034173218,0.012343578605654734,0.4708768034173218,0.012343578605654734
573,-0.4638640854490485,0.011450817639142375,0.4638640854490485,0.011450817639142375
574,-0.45705678723756277,0.010689774824343402,0.45705678723756277,0.010689774824343402
575,-0.450621478502712,0.010117893190021838,0.450621478502712,0.010117893190021838
576,-0.44345533033586837,0.01030558955877412,0.44345533033586837,0.01030558955877412
577,-0.43656129515720815,0.010467358359282187,0.43656129515720815,0.010467358359282187
578,-0.42959545851132247,0.010572516905054051,0.42959545851132247,0.010572516905054051
579,-0.42268266688819994,0.010354125561464545,0.42268266688819994,0.010354125561464545
580,-0.4162974641203598,0.009690730840535969,0.4162974641203598,0.009690730840535969
581,-0.4089766866036612,0.009460579603344163,0.4089766866036612,0.009460579603344163
582,-0.4021661399770821,0.009383914899643306,0.4021661399770821,0.009383914899643306
583,-0.3948609271750371,0.009555798488698877,0.3948609271750371,0.009555798488698877
584,-0.38739032086285197,0.00951445363368368,0.38739032086285197,0.00951445363368368
585,-0.38005317042781955,0.00937236447029356,0.38005317042781955,0.00937236447029356
586,-0.3723762667743291,0.008674497743462167,0.3723762667743291,0.008674497743462167
587,-0.36476731663184564,0.008406387719015241,0.36476731663184564,0.008406387719015241
588,-0.35794446867113977,0.008134503910978782,0.35794446867113977,0.008134503910978782
589,-0.35091262326829376,0.008052180368595877,0.35091262326829376,0.008052180368595877
590,-0.3436122116613642,0.007638413542250256,0.3436122116613642,0.007638413542250256
591,-0.3365104777730872,0.007598984218928984,0.3365104777730872,0.007598984218928984
592,-0.3290037954561537,0.007517181452892136,0.3290037954561537,0.007517181452892136
593,-0.32148106664642284,0.008043959389263191,0.32148106664642284,0.008043959389263191
594,-0.31445287421620893,0.007906880166998932,0.31445287421620893,0.007906880166998932
595,-0.30698011785870544,0.008226427413536908,0.30698011785870544,0.008226427413536908
596,-0.29920116356622606,0.008713029538025956,0.29920116356622606,0.008713029538025956
597,-0.2911162535522563,0.008367280240645725,0.2911162535522563,0.008367280240645725
598,-0.2832819065541637,0.009158110704938688,0.2832819065541637,0.009158110704938688
599,-0.27641642969018754,0.009300356337380184,0.27641642969018754,0.009300356337380184
600,-0.2695916024833892,0.008618759962749559,0.2695916024833892,0.008618759962749559
601,-0.2622037587002144,0.008511215384094814,0.2622037587002144,0.008511215384094814
602,-0.2542524855687574,0.00887428962594005,0.2542524855687574,0.00887428962594005
603,-0.24728806290890695,0.008970035352880499,0.24728806290890695,0.008970035352880499
604,-0.2395247880654797,0.008670955510725904,0.2395247880654797,0.008670955510725904
605,-0.23154075708045896,0.008118090724309152,0.23154075708045896,0.008118090724309152
606,-0.22389652219236936,0.008582926884481371,0.22389652219236936,0.008582926884481371
607,-0.21623782429280058,0.00944581040395385,0.21623782429280058,0.00944581040395385
608,-0.20844400549296574,0.009185303336549573,0.20844400549296574,0.009185303336549573
609,-0.20058198058300025,0.00922670146843009,0.20058198058300025,0.00922670146843009
610,-0.1927193209093665,0.009822720419581342,0.1927193209093665,0.009822720419581342
611,-0.18502911089791566,0.009795332615037067,0.18502911089791566,0.009795332615037067
612,-0.17723588611966423,0.009519085417543222,0.17723588611966423,0.009519085417543222
613,-0.1692029118321441,0.009341997044181335,0.1692029118321441,0.009341997044181335
614,-0.16141108006744032,0.009334885975508135,0.16141108006744032,0.009334885975508135
615,-0.1537669360210764,0.009623603663401963,0.1537669360210764,0.009623603663401963
616,-0.14620824401801316,0.00982734849247776,0.14620824401801316,0.00982734849247776
617,-0.13819141711656047,0.009653570905545469,0.13819141711656047,0.009653570905545469
618,-0.12988453258243182,0.009236625582911816,0.12988453258243182,0.009236625582911816
619,-0.12174898516219375,0.009387720540470094,0.12174898516219375,0.009387720540470094
620,-0.11333987641912847,0.00927933663045763,0.11333987641912847,0.00927933663045763
621,-0.10468071251734011,0.008765061268575493,0.10468071251734011,0.008765061268575493
622,-0.09700485913800407,0.00883848422454904,0.09700485913800407,0.00883848422454904
623,-0.08929452693546464,0.008188226555124493,0.08929452693546464,0.008188226555124493
624,-0.08165378714821248,0.007187131546210483,0.08165378714821248,0.007187131546210483
625,-0.07356748730626687,0.007662581194187084,0.07356748730626687,0.007662581194187084
626,-0.06568597432435835,0.007247553679151309,0.06568597432435835,0.007247553679151309
627,-0.05796050126451426,0.006542150691341391,0.05796050126451426,0.006542150691341391
628,-0.05019777239521609,0.006928656543039006,0.05019777239521609,0.006928656543039006
629,-0.0418763627087238,0.006690517983056747,0.0418763627087238,0.006690517983056747
630,-0.033691929855171984,0.006647341177770903,0.033691929855171984,0.006647341177770903
631,-0.02572360844612356,0.0065189285295145834,0.02572360844612356,0.0065189285295145834
632,-0.018200000168784296,0.006130191422043739,0.018200000168784296,0.006130191422043739
633,-0.010914815898983068,0.005376967861645957,0.010914815898983068,0.005376967861645957
634,-0.0023203082400252836,0.005478867383754397,0.004235187236605058,0.004040275628446064
635,0.005693935504821384,0.005465840580479865,0.0068159265288932035,0.0038162107669182438
636,0.013981829964402677,0.0054186824950751295,0.013981829964402677,0.0054186824950751295
637,0.022114906053298352,0.005639296492139947,0.022114906053298352,0.005639296492139947
638,0.03035208174574257,0.006303599335260953,0.03035208174574257,0.006303599335260953
639,0.03809381075423237,0.006335633664431544,0.03809381075423237,0.006335633664431544
640,0.045512163953034875,0.0070490758668696404,0.045512163953034875,0.0070490758668696404
641,0.053885877205129405,0.005954001936707332,0.053885877205129405,0.005954001936707332
642,0.06185244293631126,0.005645845743269275,0.06185244293631126,0.005645845743269275
643,0.06942689775491971,0.006101739901651636,0.06942689775491971,0.006101739901651636
644,0.07647656917515923,0.006225597065011184,0.07647656917515923,0.006225597065011184
645,0.08372992982799987,0.006485347641237383,0.08372992982799987,0.006485347641237383
646,0.09108445061043169,0.006206243685537371,0.09108445061043169,0.006206243685537371
647,0.0986813367404014,0.005706557156697526,0.0986813367404014,0.005706557156697526
648,0.10666475299278431,0.005417011303020069,0.10666475299278431,0.005417011303020069
649,0.11446013579673031,0.005170351004914072,0.11446013579673031,0.005170351004914072
650,0.12199824395729386,0.004874195045214477,0.12199824395729386,0.004874195045214477
651,0.1305054378156201,0.005225418468846915,0.1305054378156201,0.005225418468846915
652,0.1380974917078964,0.005436670341226663,0.1380974917078964,0.005436670341226663
653,0.14546662506664204,0.004854712902492563,0.14546662506664204,0.004854712902492563
654,0.1523295614023316,0.004261272399326531,0.1523295614023316,0.004261272399326531
655,0.15907277521791235,0.00384930527837044,0.15907277521791235,0.00384930527837044
656,0.16633576083825255,0.004342540527405636,0.16633576083825255,0.004342540527405636
657,0.17355399510639735,0.004816186000617055,0.17355399510639735,0.004816186000617055
658,0.18014652030923708,0.004523169809539656,0.18014652030923708,0.004523169809539656
659,0.18702615744226667,0.004345875599605948,0.18702615744226667,0.004345875599605948
660,0.1940215634404114,0.004220136706831283,0.1940215634404114,0.004220136706831283
661,0.20046173557548766,0.004196608803770588,0.20046173557548766,0.004196608803770588
662,0.2070846028303411,0.004204206542770575,0.2070846028303411,0.004204206542770575
663,0.21370651768117468,0.0036232015864543364,0.21370651768117468,0.0036232015864543364
664,0.22014414809846905,0.003364689779975636,0.22014414809846905,0.003364689779975636
665,0.22668018637075596,0.0037983058561635117,0.22668018637075596,0.0037983058561635117
666,0.23374511415436328,0.004435351558979858,0.23374511415436328,0.004435351558979858
667,0.24032056328862975,0.004710069440182159,0.24032056328862975,0.004710069440182159
668,0.246417137813161,0.004618969342224208,0.246417137813161,0.004618969342224208
669,0.2524310365404962,0.004748864155682431,0.2524310365404962,0.004748864155682431
670,0.25869947056627307,0.005235933233458257,0.25869947056627307,0.005235933233458257
671,0.2646786126419091,0.00533495027675224,0.2646786126419091,0.00533495027675224
672,0.27004719736714744,0.00553191960210135,0.27004719736714744,0.00553191960210135
673,0.2757879120871863,0.005578668896079777,0.2757879120871863,0.005578668896079777
674,0.28207046037953054,0.005392985883466708,0.28207046037953054,0.005392985883466708
675,0.2883702380633652,0.005900061390923134,0.2883702380633652,0.005900061390923134
676,0.29468587598346835,0.006337253858313627,0.29468587598346835,0.006337253858313627
677,0.3007684188856245,0.006370072701693004,0.3007684188856245,0.006370072701693004
678,0.3065251643954069,0.006087130635498235,0.3065251643954069,0.006087130635498235
679,0.3119754991806137,0.006321190460320083,0.3119754991806137,0.006321190460320083
680,0.31734291447427126,0.006403487779616512,0.31734291447427126,0.006403487779616512
681,0.32288191917279163,0.006376884365104316,0.32288191917279163,0.006376884365104316
682,0.32865913970817956,0.007034649975379374,0.32865913970817956,0.007034649975379374
683,0.3342482229069887,0.007137141834175796,0.3342482229069887,0.007137141834175796
684,0.3395785624651511,0.0072353757170371645,0.3395785624651511,0.0072353757170371645
685,0.344552207482761,0.007373101470447084,0.344552207482761,0.007373101470447084
686,0.34940927979066694,0.007614800686805998,0.34940927979066694,0.007614800686805998
687,0.35414657275798206,0.007491493950520332,0.35414657275798206,0.007491493950520332
688,0.3593074352193222,0.007518221297795444,0.3593074352193222,0.007518221297795444
689,0.36391001671515255,0.007677024242217756,0.36391001671515255,0.007677024242217756
690,0.3691912415879408,0.007527117006784464,0.3691912415879408,0.007527117006784464
691,0.3742357086663665,0.00737950849885629,0.3742357086663665,0.00737950849885629
692,0.3789063756919356,0.0069454090606117375,0.3789063756919356,0.0069454090606117375
693,0.3836774889089416,0.006983731887767124,0.3836774889089416,0.006983731887767124
694,0.38812607621487905,0.0074198651726623335,0.38812607621487905,0.0074198651726623335
695,0.39288083637299104,0.006933804563118543,0.39288083637299104,0.006933804563118543
696,0.3975698528172673,0.007267788389377574,0.3975698528172673,0.007267788389377574
697,0.4023606570286537,0.007014349905422644,0.4023606570286537,0.007014349905422644
698,0.4068288653467789,0.006798054492912103,0.4068288653467789,0.006798054492912103
699,0.4111776617504881,0.0061935647107120625,0.4111776617504881,0.0061935647107120625
700,0.41558113578961703,0.005558812064204058,0.41558113578961703,0.005558812064204058
701,0.41965759150894727,0.005204641361859985,0.41965759150894727,0.005204641361859985
702,0.42375080655248104,0.004923190459103685,0.42375080655248104,0.004923190459103685
703,0.428100279234896,0.00453554592788125,0.428100279234896,0.00453554592788125
704,0.4325681263698589,0.004281706835582578,0.4325681263698589,0.004281706835582578
705,0.4375607285811838,0.004058486247421035,0.4375607285811838,0.004058486247421035
706,0.4413114109978143,0.003945808825535721,0.4413114109978143,0.003945808825535721
707,0.4454715646649312,0.003861642670107506,0.4454715646649312,0.003861642670107506
708,0.4498017114471982,0.0032843061618224945,0.4498017114471982,0.0032843061618224945
709,0.453485145410958,0.0033362488061347427,0.453485145410958,0.0033362488061347427
710,0.4572225220989949,0.0036234810463543496,0.4572225220989949,0.0036234810463543496
711,0.4612487913117376,0.003714491135168183,0.4612487913117376,0.003714491135168183
712,0.46455964187240667,0.004094666847020023,0.46455964187240667,0.004094666847020023
713,0.46841497110188585,0.004217161145514076,0.46841497110188585,0.004217161145514076
714,0.4726928215491572,0.004332884404955325,0.4726928215491572,0.004332884404955325
715,0.4765847310632844,0.004584282567599094,0.4765847310632844,0.004584282567599094
716,0.48014890363590196,0.004500480684864021,0.48014890363590196,0.004500480684864021
717,0.48378166347675094,0.004647828597092748,0.48378166347675094,0.004647828597092748
718,0.48743139119115986,0.00492925141911383,0.48743139119115986,0.00492925141911383
719,0.4913531789241996,0.004764522275414239,0.4913531789241996,0.004764522275414239
720,0.49502083712586886,0.004875809397967076,0.49502083712586886,0.004875809397967076
721,0.4986033843859637,0.005153337261866095,0.4986033843859637,0.005153337261866095
722,0.5015085635294922,0.005749357167303996,0.5015085635294922,0.005749357167303996
723,0.5049916868496755,0.005731163145436681,0.5049916868496755,0.005731163145436681
724,0.5072351563210792,0.00577582797343207,0.5072351563210792,0.00577582797343207
725,0.5102919038163465,0.006165110833660684,0.5102919038163465,0.006165110833660684
726,0.5130411321418975,0.006310547424811367,0.5130411321418975,0.006310547424811367
727,0.5147916941769841,0.0062116019403344585,0.5147916941769841,0.0062116019403344585
728,0.5171020025512627,0.006448156141469571,0.5171020025512627,0.006448156141469571
729,0.5179176238923536,0.0061883050707485475,0.5179176238923536,0.0061883050707485475
730,0.5185302468350954,0.0062991509721079045,0.5185302468350954,0.0062991509721079045
731,0.5189066504103439,0.006699557210245156,0.5189066504103439,0.006699557210245156
732,0.5185320598321795,0.007374092468713487,0.5185320598321795,0.007374092468713487
733,0.5172393359194665,0.007217620371376767,0.5172393359194665,0.007217620371376767
734,0.5157797088278422,0.007589076929664015,0.5157797088278422,0.007589076929664015
735,0.5132675173458608,0.008341214917825754,0.5132675173458608,0.008341214917825754
736,0.5098232336193667,0.008741718224637984,0.5098232336193667,0.008741718224637984
737,0.5064088313860845,0.009131388691018458,0.5064088313860845,0.009131388691018458
738,0.5029270273329766,0.009126157803464933,0.5029270273329766,0.009126157803464933
739,0.4983211574138362,0.009417542722651271,0.4983211574138362,0.009417542722651271
740,0.4934293830101515,0.009805416617745906,0.4934293830101515,0.009805416617745906
741,0.4889476156591135,0.010318647649435646,0.4889476156591135,0.010318647649435646
742,0.48366481392206745,0.010429215790924646,0.48366481392206745,0.010429215790924646
743,0.47763644021240387,0.01029620889498857,0.47763644021240387,0.01029620889498857
744,0.47179453650661546,0.01048399130170352,0.47179453650661546,0.01048399130170352
745,0.46603755093595606,0.01040028356889903,0.46603755093595606,0.01040028356889903
746,0.4599394230272044,0.010000344600698385,0.4599394230272044,0.010000344600698385
747,0.4538596472234284,0.009993305262524,0.4538596472234284,0.009993305262524
748,0.44803699342458553,0.010299574926192375,0.44803699342458553,0.010299574926192375
749,0.4425312208242316,0.009787051782415903,0.4425312208242316,0.009787051782415903
750,0.4365520279539696,0.009991070309946365,0.4365520279539696,0.009991070309946365
751,0.43077716499984503,0.00967014033893104,0.43077716499984503,0.00967014033893104
752,0.42393346900560763,0.009893238115052869,0.42393346900560763,0.009893238115052869
753,0.4175286124000481,0.009405483455366017,0.4175286124000481,0.009405483455366017
754,0.4118537873913348,0.008536333195623,0.4118537873913348,0.008536333195623
755,0.4051104530132134,0.008582145418744686,0.4051104530132134,0.008582145418744686
756,0.3983668139316993,0.008319895513784016,0.3983668139316993,0.008319895513784016
757,0.3916055731374888,0.008493952137840427,0.3916055731374888,0.008493952137840427
758,0.3852691277632274,0.00900157950616281,0.3852691277632274,0.00900157950616281
759,0.37855857475179494,0.008900062027699392,0.37855857475179494,0.008900062027699392
760,0.37210485485400785,0.008486296225504127,0.37210485485400785,0.008486296225504127
761,0.3660100282793763,0.008247734656862309,0.3660100282793763,0.008247734656862309
762,0.3596773035180669,0.008252035127672974,0.3596773035180669,0.008252035127672974
763,0.35317103984970494,0.008719296062039009,0.35317103984970494,0.008719296062039009
764,0.34619265466524785,0.00838809415251124,0.34619265466524785,0.00838809415251124
765,0.3390097781805366,0.0076296191732630825,0.3390097781805366,0.0076296191732630825
766,0.3316899506133428,0.00780854546509706,0.3316899506133428,0.00780854546509706
767,0.32477923560157357,0.007679489961459782,0.32477923560157357,0.007679489961459782
768,0.31805400220723096,0.007473130495040015,0.31805400220723096,0.007473130495040015
769,0.3112239867122523,0.00733448400376699,0.3112239867122523,0.00733448400376699
770,0.30478711181811363,0.007033572264682894,0.30478711181811363,0.007033572264682894
771,0.29736330628071556,0.0072605590464798545,0.29736330628071556,0.0072605590464798545
772,0.29038275231134153,0.007542658499038094,0.29038275231134153,0.007542658499038094
773,0.2835418145748036,0.007598094156751449,0.2835418145748036,0.007598094156751449
774,0.27630700997544627,0.007816830330743941,0.27630700997544627,0.007816830330743941
775,0.26879935628371593,0.007384199357171907,0.26879935628371593,0.007384199357171907
776,0.2617687646705609,0.007461132321860036,0.2617687646705609,0.007461132321860036
777,0.2546504759686039,0.007019012724059825,0.2546504759686039,0.007019012724059825
778,0.24763518497627926,0.007382805881512406,0.24763518497627926,0.007382805881512406
779,0.24090796105906312,0.007541552969451516,0.24090796105906312,0.007541552969451516
780,0.2337591431347444,0.0077267494562630835,0.2337591431347444,0.0077267494562630835
781,0.22711730393997184,0.008646925248230386,0.22711730393997184,0.008646925248230386
782,0.21988167872952127,0.009232813990105332,0.21988167872952127,0.009232813990105332
783,0.21252647213643264,0.010112654012919203,0.21252647213643264,0.010112654012919203
784,0.20526250166343082,0.010264570264475964,0.20526250166343082,0.010264570264475964
785,0.19762084698451599,0.010331470304417176,0.19762084698451599,0.010331470304417176
786,0.19004696956148695,0.01001777895142601,0.19004696956148695,0.01001777895142601
787,0.18238800889010576,0.009776189790066968,0.18238800889010576,0.009776189790066968
788,0.17550523802715035,0.009136642418574642,0.17550523802715035,0.009136642418574642
789,0.16820248658071857,0.008713116338245546,0.16820248658071857,0.008713116338245546
790,0.16098454422380218,0.008516229487380334,0.16098454422380218,0.008516229487380334
791,0.1534426453228385,0.008307516743811192,0.1534426453228385,0.008307516743811192
792,0.14593525626557494,0.007940075835576009,0.14593525626557494,0.007940075835576009
793,0.13827477739965718,0.007316232809290623,0.13827477739965718,0.007316232809290623
794,0.1311063648134789,0.007183984362324495,0.1311063648134789,0.007183984362324495
795,0.12360024309708946,0.007418383224375017,0.12360024309708946,0.007418383224375017
796,0.11604227224447351,0.006977530592930586,0.11604227224447351,0.006977530592930586
797,0.109100001731723,0.00658942356041538,0.109100001731723,0.00658942356041538
798,0.10239121760545548,0.007292994458610319,0.10239121760545548,0.007292994458610319
799,0.09537652494539996,0.006516745260947936,0.09537652494539996,0.006516745260947936
800,0.0879019561750085,0.006280666122401095,0.0879019561750085,0.006280666122401095
