step,mass,px,py,rho_left,rho_right,contrast,density_cv,rms_speed,mass_error,momentum_error
0,12391,28,13,1.8173828125,0.19938151041666666,1.6180013020833333,0.807629380954326,0.19891090126980185,0,0
1,12391,98,5,1.8098958333333333,0.20686848958333334,1.60302734375,0.7996170490284118,0.20191036836891565,0,0
2,12391,176,19,1.8037109375,0.21305338541666666,1.5906575520833333,0.7941828290761013,0.20634775740836767,0,0
3,12391,266,17,1.7972005208333333,0.21956380208333334,1.57763671875,0.7891850950182262,0.22780033422687923,0,0
4,12391,346,15,1.7869466145833333,0.22981770833333334,1.55712890625,0.781220503073323,0.23679448616259688,0,0
5,12391,428,-1,1.7796223958333333,0.23714192708333334,1.54248046875,0.7765629355821344,0.24085531341136113,0,0
6,12391,508,5,1.77099609375,0.24576822916666666,1.5252278645833333,0.7716244883936607,0.2468812297132322,0,0
7,12391,578,5,1.76171875,0.2550455729166667,1.5066731770833333,0.7664307329797594,0.24823937489734899,0,0
8,12391,660,9,1.7517903645833333,0.2649739583333333,1.48681640625,0.7621997183775963,0.2651473308932633,0,0
9,12391,722,9,1.7431640625,0.2736002604166667,1.4695638020833333,0.7568884298058769,0.258038527037863,0,0
10,12391,804,-3,1.7332356770833333,0.2835286458333333,1.44970703125,0.7532598113361526,0.2703193916542206,0,0
11,12391,884,9,1.72412109375,0.2926432291666667,1.4314778645833333,0.7486571329211432,0.2866123408095573,0,0
12,12391,954,27,1.7161458333333333,0.3006184895833333,1.41552734375,0.7435098159769279,0.2878805682709762,0,0
13,12391,1042,21,1.7067057291666667,0.31005859375,1.3966471354166667,0.7371570260717973,0.2933684350858615,0,0
14,12391,1122,27,1.6980794270833333,0.3186848958333333,1.37939453125,0.7322038584541021,0.30364718959016707,0,0
15,12391,1188,23,1.6905924479166667,0.326171875,1.3644205729166667,0.7276535993394,0.30916937232455366,0,0
16,12391,1278,5,1.6818033854166667,0.3349609375,1.3468424479166667,0.7222700693123263,0.3110129909761598,0,0
17,12391,1346,-13,1.6748046875,0.3419596354166667,1.3328450520833333,0.7174250390321052,0.3155365987151415,0,0
18,12391,1412,-5,1.66748046875,0.3492838541666667,1.3181966145833333,0.7129751545509534,0.3185524247236749,0,0
19,12391,1484,-3,1.65966796875,0.3570963541666667,1.3025716145833333,0.7073226081004843,0.3348405144369135,0,0
20,12391,1568,-7,1.6505533854166667,0.3662109375,1.2843424479166667,0.7013285979102228,0.3432502837487608,0,0
21,12391,1620,15,1.6416015625,0.3751627604166667,1.2664388020833333,0.6967005407332229,0.3496950397106921,0,0
22,12391,1700,21,1.6337890625,0.3829752604166667,1.2508138020833333,0.6910234482606716,0.35027088540381046,0,0
23,12391,1766,25,1.6258138020833333,0.3909505208333333,1.23486328125,0.6856094685399559,0.36104995868891054,0,0
24,12391,1834,19,1.6175130208333333,0.3992513020833333,1.21826171875,0.6794717804219563,0.37303075537551533,0,0
25,12391,1900,27,1.6087239583333333,0.4080403645833333,1.20068359375,0.6736643609393969,0.36976382062750257,0,0
26,12391,1976,17,1.6013997395833333,0.4153645833333333,1.18603515625,0.6683866849454955,0.37877739136075655,0,0
27,12391,2052,23,1.59326171875,0.4235026041666667,1.1697591145833333,0.6622706518596104,0.3778941375707889,0,0
28,12391,2130,19,1.5856119791666667,0.43115234375,1.1544596354166667,0.6541487007432814,0.3808308048917048,0,0
29,12391,2218,7,1.5769856770833333,0.4397786458333333,1.13720703125,0.6478770462680394,0.3840138857798152,0,0
30,12391,2294,5,1.568359375,0.4484049479166667,1.1199544270833333,0.642529634740125,0.39310511663085085,0,0
31,12391,2382,21,1.560546875,0.4562174479166667,1.1043294270833333,0.6359743607486634,0.39911308936214207,0,0
32,12391,2492,13,1.5515950520833333,0.4651692708333333,1.08642578125,0.629686522985669,0.4069702263427481,0,0
33,12391,2562,39,1.54296875,0.4737955729166667,1.0691731770833333,0.6261715445877192,0.4134378113104593,0,0
34,12391,2646,55,1.5348307291666667,0.48193359375,1.0528971354166667,0.619713641111955,0.41262365052786865,0,0
35,12391,2696,67,1.52685546875,0.4899088541666667,1.0369466145833333,0.6133121174425321,0.415193049751758,0,0
36,12391,2782,49,1.5166015625,0.5001627604166666,1.0164388020833335,0.6080617717397913,0.41697494077334113,0,0
37,12391,2842,61,1.50830078125,0.5084635416666666,0.9998372395833334,0.6021056022629143,0.4242039377343674,0,0
38,12391,2922,29,1.4996744791666667,0.51708984375,0.9825846354166667,0.5955862218365074,0.42932636690167436,0,0
39,12391,3000,13,1.49072265625,0.5260416666666666,0.9646809895833334,0.58916238864919,0.43600762972937634,0,0
40,12391,3068,15,1.48193359375,0.5348307291666666,0.9471028645833334,0.5829187876564629,0.4482867604477125,0,0
41,12391,3144,25,1.4736328125,0.5431315104166666,0.9305013020833334,0.5755287091147469,0.4506797691733111,0,0
42,12391,3222,1,1.46533203125,0.5514322916666666,0.9138997395833334,0.5681679642583103,0.45338555452503376,0,0
43,12391,3318,15,1.4576822916666667,0.55908203125,0.8986002604166667,0.5604429077734869,0.4559795755764262,0,0
44,12391,3384,5,1.4490559895833333,0.5677083333333334,0.8813476562499999,0.5523541020052638,0.45743030683214697,0,0
45,12391,3456,5,1.439453125,0.5773111979166666,0.8621419270833334,0.5450681317834538,0.45936797871300966,0,0
46,12391,3532,17,1.4314778645833333,0.5852864583333334,0.8461914062499999,0.5374112599518549,0.46852445176331264,0,0
47,12391,3624,25,1.423828125,0.5929361979166666,0.8308919270833334,0.5292279995202536,0.475253488848342,0,0
48,12391,3706,25,1.4147135416666667,0.60205078125,0.8126627604166667,0.5227398691002848,0.4818448914224395,0,0
49,12391,3776,39,1.4059244791666667,0.61083984375,0.7950846354166667,0.5161386951750556,0.4872200399774365,0,0
50,12391,3864,35,1.3972981770833333,0.6194661458333334,0.7778320312499999,0.507592905376129,0.48838185366519815,0,0
51,12391,3942,49,1.3899739583333333,0.6267903645833334,0.7631835937499999,0.4999749027941486,0.49059905833932493,0,0
52,12391,4028,59,1.3810221354166667,0.6357421875,0.7452799479166667,0.4938090576700557,0.4941922629629222,0,0
53,12391,4114,69,1.3717447916666667,0.64501953125,0.7267252604166667,0.48655622855358005,0.4962127417632632,0,0
54,12391,4186,55,1.3629557291666667,0.65380859375,0.7091471354166667,0.47939975265305856,0.5004776334385336,0,0
55,12391,4274,65,1.3533528645833333,0.6634114583333334,0.6899414062499999,0.4721374621559845,0.5020289294114879,0,0
56,12391,4352,67,1.34423828125,0.6725260416666666,0.6717122395833334,0.46467559717547,0.507464213817777,0,0
57,12391,4410,45,1.3362630208333333,0.6805013020833334,0.6557617187499999,0.45575216453683415,0.5161818267519923,0,0
58,12391,4494,45,1.3273111979166667,0.689453125,0.6378580729166667,0.4471317894341739,0.5199675420597225,0,0
59,12391,4556,63,1.31787109375,0.6988932291666666,0.6189778645833334,0.4399195473476906,0.5216877221845468,0,0
60,12391,4634,73,1.3103841145833333,0.7063802083333334,0.6040039062499999,0.4321937521304695,0.523989640939653,0,0
61,12391,4692,65,1.3035481770833333,0.7132161458333334,0.5903320312499999,0.42353972211993485,0.5275924368690146,0,0
62,12391,4780,85,1.2950846354166667,0.7216796875,0.5734049479166667,0.4156027662512514,0.5321115692797115,0,0
63,12391,4842,107,1.28662109375,0.7301432291666666,0.5564778645833334,0.40726875797895223,0.5337597296691707,0,0
64,12391,4920,107,1.27734375,0.7394205729166666,0.5379231770833334,0.3956279824844105,0.5385549807233659,0,0
65,12391,4986,103,1.2682291666666667,0.74853515625,0.5196940104166667,0.38599988086204395,0.5443303319161357,0,0
66,12391,5058,93,1.2599283854166667,0.7568359375,0.5030924479166667,0.3762517170470216,0.5468880812017328,0,0
67,12391,5146,75,1.2501627604166667,0.7666015625,0.48356119791666674,0.3652321137608364,0.5501636768837938,0,0
68,12391,5198,93,1.2412109375,0.7755533854166666,0.46565755208333337,0.3546602169394563,0.5509207898463209,0,0
69,12391,5254,93,1.2337239583333333,0.7830403645833334,0.4506835937499999,0.34346492944897816,0.5507849020978254,0,0
70,12391,5322,83,1.2252604166666667,0.79150390625,0.43375651041666674,0.3332571366323928,0.5529102837002018,0,0
71,12391,5374,79,1.21630859375,0.8004557291666666,0.41585286458333337,0.32522399269669044,0.5543946387147233,0,0
72,12391,5406,67,1.2068684895833333,0.8098958333333334,0.3969726562499999,0.3201238711918081,0.5551884604700231,0,0
73,12391,5450,85,1.1988932291666667,0.81787109375,0.38102213541666674,0.3097161590466052,0.5545928471917708,0,0
74,12391,5508,71,1.19091796875,0.8258463541666666,0.36507161458333337,0.30246450191497265,0.5535007643737585,0,0
75,12391,5554,67,1.18212890625,0.8346354166666666,0.34749348958333337,0.29596144299548705,0.5529543197660405,0,0
76,12391,5570,59,1.1735026041666667,0.84326171875,0.33024088541666674,0.2884421432168987,0.5513416539558804,0,0
77,12391,5594,55,1.1643880208333333,0.8523763020833334,0.3120117187499999,0.2815399675589766,0.5513496145533147,0,0
78,12391,5604,53,1.1560872395833333,0.8606770833333334,0.2954101562499999,0.27749562923996296,0.5518954892207917,0,0
79,12391,5628,67,1.1486002604166667,0.8681640625,0.28043619791666674,0.2747693679104322,0.552685420754768,0,0
80,12391,5630,69,1.140625,0.8761393229166666,0.26448567708333337,0.26965173952454324,0.5522345298096367,0,0
81,12391,5634,61,1.1321614583333333,0.8846028645833334,0.2475585937499999,0.2658076650334222,0.5518708954307222,0,0
82,12391,5638,49,1.12255859375,0.8942057291666666,0.22835286458333337,0.26315991193688176,0.551401097095873,0,0
83,12391,5636,43,1.11376953125,0.9029947916666666,0.21077473958333337,0.2615105803771498,0.5507280919037855,0,0
84,12391,5626,43,1.1043294270833333,0.9124348958333334,0.1918945312499999,0.26215534020007647,0.5511442681695089,0,0
85,12391,5628,51,1.0958658854166667,0.9208984375,0.17496744791666674,0.258886505051535,0.5508226870290565,0,0
86,12391,5626,57,1.0867513020833333,0.9300130208333334,0.1567382812499999,0.25704441630362507,0.5495627439987567,0,0
87,12391,5604,51,1.0779622395833333,0.9388020833333334,0.1391601562499999,0.25716601184179944,0.5476079767734487,0,0
88,12391,5620,45,1.0696614583333333,0.9471028645833334,0.12255859374999989,0.25488502837055005,0.5476336889480705,0,0
89,12391,5608,33,1.0616861979166667,0.955078125,0.10660807291666674,0.2531521596185259,0.5464630301705287,0,0
90,12391,5588,39,1.0528971354166667,0.9638671875,0.08902994791666674,0.24981558458071088,0.5456264711748966,0,0
91,12391,5578,29,1.0421549479166667,0.974609375,0.06754557291666674,0.24987564633713308,0.5447091208007987,0,0
92,12391,5558,27,1.0335286458333333,0.9832356770833334,0.05029296874999989,0.2501007494613748,0.5440397132665307,0,0
93,12391,5532,1,1.0236002604166667,0.9931640625,0.03043619791666674,0.2543201908937396,0.5433655698749417,0,0
94,12391,5508,9,1.0159505208333333,1.0008138020833333,0.01513671875,0.2555562922120678,0.5430721943056618,0,0
95,12391,5490,-1,1.0069986979166667,1.009765625,-0.0027669270833332593,0.254241505368874,0.54267532951696,0,0
96,12391,5478,-15,0.9993489583333334,1.0174153645833333,-0.01806640624999989,0.25850462530787255,0.5431016956927154,0,0
97,12391,5460,-11,0.9925130208333334,1.0242513020833333,-0.03173828124999989,0.26357300443114556,0.5437107258284188,0,0
98,12391,5418,-21,0.98388671875,1.0328776041666667,-0.04899088541666674,0.26583118690114027,0.5420539762980268,0,0
99,12391,5408,-15,0.9752604166666666,1.04150390625,-0.06624348958333337,0.2715234370497038,0.5397912541369899,0,0
100,12391,5374,-21,0.9669596354166666,1.0498046875,-0.08284505208333337,0.2769633603435761,0.5381264561046708,0,0
101,12391,5316,-5,0.9596354166666666,1.05712890625,-0.09749348958333337,0.2808417561125655,0.5363430242226132,0,0
102,12391,5276,-23,0.9510091145833334,1.0657552083333333,-0.11474609374999989,0.28404724266792464,0.5349092781779983,0,0
103,12391,5226,-15,0.9431966145833334,1.0735677083333333,-0.1303710937499999,0.28709502151921296,0.533199777015229,0,0
104,12391,5178,-23,0.9344075520833334,1.0823567708333333,-0.1479492187499999,0.2905931551206297,0.5315415401682212,0,0
105,12391,5136,-17,0.9265950520833334,1.0901692708333333,-0.1635742187499999,0.29578392886443133,0.530286920182854,0,0
106,12391,5092,-13,0.9189453125,1.0978190104166667,-0.17887369791666674,0.30363228710377327,0.5283378015182312,0,0
107,12391,5046,-13,0.91064453125,1.1061197916666667,-0.19547526041666674,0.3069134878096181,0.5276270977865967,0,0
108,12391,5010,-19,0.9005533854166666,1.1162109375,-0.21565755208333337,0.31100551129283976,0.5264903814485928,0,0
109,12391,4944,3,0.8927408854166666,1.1240234375,-0.23128255208333337,0.3196821495972226,0.524482976679928,0,0
110,12391,4892,-9,0.8837890625,1.1329752604166667,-0.24918619791666674,0.32483155726483304,0.5234963822617353,0,0
111,12391,4866,-13,0.87548828125,1.1412760416666667,-0.26578776041666674,0.33201653567101835,0.5229969169305422,0,0
112,12391,4796,-9,0.8665364583333334,1.1502278645833333,-0.2836914062499999,0.33776332196663894,0.5206278092402318,0,0
113,12391,4762,5,0.8572591145833334,1.1595052083333333,-0.3022460937499999,0.34471148846473887,0.5184365688096989,0,0
114,12391,4706,-5,0.8484700520833334,1.1682942708333333,-0.3198242187499999,0.3519098903383382,0.5161064054889063,0,0
115,12391,4668,3,0.8404947916666666,1.17626953125,-0.33577473958333337,0.3582281601173994,0.5143437430733238,0,0
116,12391,4596,-19,0.8321940104166666,1.1845703125,-0.35237630208333337,0.36594700671260927,0.5123257651300519,0,0
117,12391,4542,-5,0.8230794270833334,1.1936848958333333,-0.3706054687499999,0.3732652337745288,0.5080357826212522,0,0
118,12391,4482,-17,0.8134765625,1.2032877604166667,-0.38981119791666674,0.379564070162588,0.5045034836189407,0,0
119,12391,4424,-9,0.8058268229166666,1.2109375,-0.40511067708333337,0.38550389204233915,0.502461104418623,0,0
120,12391,4352,-5,0.7976888020833334,1.2190755208333333,-0.4213867187499999,0.3890589702504369,0.5005763445430124,0,0
121,12391,4280,-5,0.7903645833333334,1.2263997395833333,-0.4360351562499999,0.39324703264561206,0.4979604525411191,0,0
122,12391,4228,-1,0.7810872395833334,1.2356770833333333,-0.4545898437499999,0.3969060553372263,0.4952293022995246,0,0
123,12391,4188,-9,0.77294921875,1.2438151041666667,-0.47086588541666674,0.4028260943555473,0.4934554874171789,0,0
124,12391,4120,-17,0.7644856770833334,1.2522786458333333,-0.4877929687499999,0.4109642122803838,0.4907434330360401,0,0
125,12391,4062,-15,0.7560221354166666,1.2607421875,-0.5047200520833334,0.4185351412426498,0.4871361875310789,0,0
126,12391,3998,1,0.7470703125,1.2696940104166667,-0.5226236979166667,0.42452472187361195,0.48501964318373253,0,0
127,12391,3942,-1,0.7384440104166666,1.2783203125,-0.5398763020833334,0.4345972796695856,0.4824904922662898,0,0
128,12391,3886,9,0.73046875,1.2862955729166667,-0.5558268229166667,0.4407941976541183,0.4795518467571635,0,0
129,12391,3848,-1,0.72216796875,1.2945963541666667,-0.5724283854166667,0.4460397250247799,0.47682429952830574,0,0
130,12391,3772,-7,0.7135416666666666,1.30322265625,-0.5896809895833334,0.45046427861860144,0.473329426885088,0,0
131,12391,3712,-43,0.7047526041666666,1.31201171875,-0.6072591145833334,0.45535687925410456,0.4687359571114513,0,0
132,12391,3636,-47,0.6975911458333334,1.3191731770833333,-0.6215820312499999,0.45947680714373185,0.4638428571905936,0,0
133,12391,3568,-27,0.6896158854166666,1.3271484375,-0.6375325520833334,0.46379475475278115,0.4597834036225246,0,0
134,12391,3514,-35,0.681640625,1.3351236979166667,-0.6534830729166667,0.468705618001418,0.4561262814879228,0,0
135,12391,3458,-31,0.6746419270833334,1.3421223958333333,-0.6674804687499999,0.4748603402908542,0.4526295624263769,0,0
136,12391,3396,-41,0.666015625,1.3507486979166667,-0.6847330729166667,0.4798977173773877,0.4498228690291841,0,0
137,12391,3332,-49,0.6564127604166666,1.3603515625,-0.7039388020833334,0.48537252783750734,0.4471560659077686,0,0
138,12391,3266,-43,0.6482747395833334,1.3684895833333333,-0.7202148437499999,0.4909722369344855,0.44539838858498987,0,0
139,12391,3184,-59,0.6389973958333334,1.3777669270833333,-0.7387695312499999,0.4975881077821303,0.44312782361369196,0,0
140,12391,3114,-53,0.6311848958333334,1.3855794270833333,-0.7543945312499999,0.5048211608608487,0.44024161362463116,0,0
141,12391,3032,-35,0.6233723958333334,1.3933919270833333,-0.7700195312499999,0.5117736891183964,0.43737631553256073,0,0
142,12391,2990,-69,0.6136067708333334,1.4031575520833333,-0.7895507812499999,0.5177135518045998,0.43212101382520485,0,0
143,12391,2928,-65,0.6031901041666666,1.41357421875,-0.8103841145833334,0.5231129238280708,0.42604196446922704,0,0
144,12391,2854,-79,0.5945638020833334,1.4222005208333333,-0.8276367187499999,0.5275998184081772,0.42436938037363753,0,0
145,12391,2780,-87,0.58642578125,1.4303385416666667,-0.8439127604166667,0.5322439205814982,0.4196651060705155,0,0
146,12391,2692,-85,0.5782877604166666,1.4384765625,-0.8601888020833334,0.5391953742706747,0.4143581583885057,0,0
147,12391,2636,-81,0.5704752604166666,1.4462890625,-0.8758138020833334,0.5450291284088933,0.4107551947528982,0,0
148,12391,2568,-73,0.5616861979166666,1.455078125,-0.8933919270833334,0.548168004253162,0.40517974930586914,0,0
149,12391,2502,-75,0.5520833333333334,1.4646809895833333,-0.9125976562499999,0.5538214703419027,0.4014169058997746,0,0
150,12391,2444,-77,0.5441080729166666,1.47265625,-0.9285481770833334,0.5598043934600335,0.3977496914187631,0,0
151,12391,2372,-89,0.5354817708333334,1.4812825520833333,-0.9458007812499999,0.5643629725597817,0.3933750506059848,0,0
152,12391,2290,-89,0.5270182291666666,1.48974609375,-0.9627278645833334,0.5700379024455474,0.3896419428272337,0,0
153,12391,2222,-89,0.51904296875,1.4977213541666667,-0.9786783854166667,0.576395007861328,0.38474591479478276,0,0
154,12391,2162,-95,0.5120442708333334,1.5047200520833333,-0.9926757812499999,0.5816323558578437,0.37910535690546404,0,0
155,12391,2090,-93,0.5042317708333334,1.5125325520833333,-1.00830078125,0.58728520558221,0.3774169290376993,0,0
156,12391,2030,-87,0.4957682291666667,1.52099609375,-1.0252278645833333,0.5923861793304914,0.3756370310506074,0,0
157,12391,1948,-85,0.4884440104166667,1.5283203125,-1.0398763020833333,0.5984474509493074,0.3701548510729493,0,0
158,12391,1878,-83,0.4801432291666667,1.53662109375,-1.0564778645833333,0.6040609451408492,0.36589372963010586,0,0
159,12391,1802,-93,0.4716796875,1.5450846354166667,-1.0734049479166667,0.6102378287734469,0.3571547291758624,0,0
160,12391,1740,-99,0.4646809895833333,1.5520833333333333,-1.08740234375,0.6141006848563336,0.34710779642150064,0,0
161,12391,1664,-107,0.4562174479166667,1.560546875,-1.1043294270833333,0.6196026472296561,0.341794712635996,0,0
162,12391,1600,-95,0.44970703125,1.5670572916666667,-1.1173502604166667,0.6252502134815378,0.3353532769004825,0,0
163,12391,1544,-117,0.4441731770833333,1.5725911458333333,-1.12841796875,0.6291004006067616,0.32635350264010243,0,0
164,12391,1474,-111,0.4373372395833333,1.5794270833333333,-1.14208984375,0.6324824640926899,0.32305225742325167,0,0
165,12391,1378,-115,0.43115234375,1.5856119791666667,-1.1544596354166667,0.6349530330091515,0.3184969937625406,0,0
166,12391,1302,-119,0.4248046875,1.5919596354166667,-1.1671549479166667,0.6390168085188555,0.3120338766711725,0,0
167,12391,1240,-129,0.4192708333333333,1.5974934895833333,-1.17822265625,0.643789559950419,0.30783823151839884,0,0
168,12391,1168,-119,0.41357421875,1.6031901041666667,-1.1896158854166667,0.6479619682527601,0.30130927478233593,0,0
169,12391,1108,-123,0.4085286458333333,1.6082356770833333,-1.19970703125,0.6545442960016788,0.29439601972674495,0,0
170,12391,1024,-131,0.4039713541666667,1.61279296875,-1.2088216145833333,0.6579590239186554,0.2855703868430041,0,0
171,12391,952,-125,0.3981119791666667,1.61865234375,-1.2205403645833333,0.660345644390306,0.27838224416827845,0,0
172,12391,884,-129,0.3932291666666667,1.62353515625,-1.2303059895833333,0.6641787834592122,0.2794803693201077,0,0
173,12391,812,-133,0.3888346354166667,1.6279296875,-1.2390950520833333,0.6663611255279576,0.2712936398507541,0,0
174,12391,742,-137,0.3839518229166667,1.6328125,-1.2488606770833333,0.66772966077017,0.26084414174335635,0,0
175,12391,666,-145,0.3785807291666667,1.63818359375,-1.2596028645833333,0.6673456294781106,0.25430059907746483,0,0
176,12391,598,-159,0.3740234375,1.6427408854166667,-1.2687174479166667,0.6684428109007706,0.24989072176894717,0,0
177,12391,534,-175,0.3704427083333333,1.6463216145833333,-1.27587890625,0.6686840988274273,0.24731797604504593,0,0
178,12391,462,-185,0.3662109375,1.6505533854166667,-1.2843424479166667,0.6689982037992452,0.24660195377109126,0,0
179,12391,376,-167,0.3640950520833333,1.6526692708333333,-1.28857421875,0.669411176945324,0.24168553760237668,0,0
180,12391,294,-141,0.3601888020833333,1.6565755208333333,-1.29638671875,0.6697604168719873,0.24405487106773324,0,0
181,12391,238,-137,0.3575846354166667,1.6591796875,-1.3015950520833333,0.6695101778838495,0.23995755043863853,0,0
182,12391,168,-135,0.3556315104166667,1.6611328125,-1.3055013020833333,0.6699023019198572,0.23262234703394685,0,0
183,12391,96,-153,0.3566080729166667,1.66015625,-1.3035481770833333,0.6694354615495592,0.23166476793345298,0,0
184,12391,36,-167,0.3566080729166667,1.66015625,-1.3035481770833333,0.6690206342255925,0.22934470390114328,0,0
185,12391,-28,-143,0.3580729166666667,1.65869140625,-1.3006184895833333,0.6673100251429536,0.2259617129042941,0,0
186,12391,-106,-127,0.3610026041666667,1.65576171875,-1.2947591145833333,0.6645401821751054,0.22847301251560073,0,0
187,12391,-174,-115,0.3649088541666667,1.65185546875,-1.2869466145833333,0.6619533545897213,0.22714753945564015,0,0
188,12391,-258,-129,0.3688151041666667,1.64794921875,-1.2791341145833333,0.6600634188701318,0.22079943283817896,0,0
189,12391,-334,-157,0.3728841145833333,1.6438802083333333,-1.27099609375,0.6577670357757822,0.2265250968031271,0,0
190,12391,-388,-153,0.3792317708333333,1.6375325520833333,-1.25830078125,0.6555866049422675,0.22502427088241092,0,0
191,12391,-468,-155,0.3854166666666667,1.63134765625,-1.2459309895833333,0.652920257664553,0.22751904087994126,0,0
192,12391,-536,-141,0.3916015625,1.6251627604166667,-1.2335611979166667,0.6502333612012036,0.22241012286738632,0,0
193,12391,-640,-143,0.3961588541666667,1.62060546875,-1.2244466145833333,0.6487701002120555,0.22279965209674613,0,0
194,12391,-688,-149,0.40234375,1.6144205729166667,-1.2120768229166667,0.64534550572271,0.22332241360362845,0,0
195,12391,-768,-133,0.4093424479166667,1.607421875,-1.1980794270833333,0.6411950775783138,0.2258987120535933,0,0
196,12391,-816,-133,0.4150390625,1.6017252604166667,-1.1866861979166667,0.6380101514131434,0.23348907051979176,0,0
197,12391,-896,-117,0.4195963541666667,1.59716796875,-1.1775716145833333,0.6335689643970538,0.2336780175052744,0,0
198,12391,-978,-111,0.4259440104166667,1.5908203125,-1.1648763020833333,0.6311524195761985,0.24009623794748886,0,0
199,12391,-1058,-105,0.4318033854166667,1.5849609375,-1.1531575520833333,0.626153570621155,0.23524665691189495,0,0
200,12391,-1128,-105,0.43798828125,1.5787760416666667,-1.1407877604166667,0.6225182155051527,0.24377672412134396,0,0
201,12391,-1198,-125,0.4453125,1.5714518229166667,-1.1261393229166667,0.6195723727198869,0.2425314927858223,0,0
202,12391,-1278,-107,0.4523111979166667,1.564453125,-1.1121419270833333,0.6161519196923553,0.25084221848661997,0,0
203,12391,-1360,-133,0.45703125,1.5597330729166667,-1.1027018229166667,0.6119363207871156,0.2519840389143016,0,0
204,12391,-1424,-125,0.4635416666666667,1.55322265625,-1.0896809895833333,0.6085654196962206,0.2532991205393756,0,0
205,12391,-1506,-129,0.4705403645833333,1.5462239583333333,-1.07568359375,0.6047974795941098,0.25942656592599916,0,0
206,12391,-1586,-129,0.4775390625,1.5392252604166667,-1.0616861979166667,0.5994955108073181,0.2597640518928427,0,0
207,12391,-1660,-119,0.4850260416666667,1.53173828125,-1.0467122395833333,0.5943166890476839,0.26099029643460786,0,0
208,12391,-1730,-117,0.4930013020833333,1.5237630208333333,-1.03076171875,0.58977123968791,0.2655361993639338,0,0
209,12391,-1792,-95,0.49951171875,1.5172526041666667,-1.0177408854166667,0.5860723742901535,0.2669971452953808,0,0
210,12391,-1872,-99,0.5066731770833334,1.5100911458333333,-1.00341796875,0.5821717575990331,0.27583187835151096,0,0
211,12391,-1954,-95,0.5133463541666666,1.50341796875,-0.9900716145833334,0.577794832976063,0.28515761678619933,0,0
212,12391,-2026,-91,0.51953125,1.4972330729166667,-0.9777018229166667,0.5731772719198609,0.2891950710982429,0,0
213,12391,-2098,-71,0.52587890625,1.4908854166666667,-0.9650065104166667,0.5690938132611368,0.29091920513504677,0,0
214,12391,-2186,-53,0.53271484375,1.4840494791666667,-0.9513346354166667,0.5645512839018673,0.28901744354215886,0,0
215,12391,-2254,-47,0.5392252604166666,1.4775390625,-0.9383138020833334,0.5593552112561789,0.2921309045627599,0,0
216,12391,-2350,-29,0.5450846354166666,1.4716796875,-0.9265950520833334,0.55475097516326,0.29733506569683993,0,0
217,12391,-2422,-27,0.5509440104166666,1.4658203125,-0.9148763020833334,0.5486514182701563,0.3028220521185326,0,0
218,12391,-2486,-51,0.5582682291666666,1.45849609375,-0.9002278645833334,0.5415696687465023,0.3084474369993986,0,0
219,12391,-2562,-51,0.5652669270833334,1.4514973958333333,-0.8862304687499999,0.5365542694929477,0.31662483463021224,0,0
220,12391,-2636,-35,0.5725911458333334,1.4441731770833333,-0.8715820312499999,0.5311926501673379,0.31709098381225465,0,0
221,12391,-2700,-25,0.5821940104166666,1.4345703125,-0.8523763020833334,0.5248765479453824,0.3216946767370671,0,0
222,12391,-2780,-21,0.58837890625,1.4283854166666667,-0.8400065104166667,0.521050617678713,0.33132594564429996,0,0
223,12391,-2854,-9,0.5948893229166666,1.421875,-0.8269856770833334,0.5161653455650203,0.3389488370570468,0,0
224,12391,-2938,-13,0.6018880208333334,1.4148763020833333,-0.8129882812499999,0.5078736799162346,0.3469177143302031,0,0
225,12391,-3018,-17,0.6077473958333334,1.4090169270833333,-0.8012695312499999,0.5019095535354152,0.3476642936536958,0,0
226,12391,-3092,-15,0.6144205729166666,1.40234375,-0.7879231770833334,0.4953589763470737,0.35296956507201876,0,0
227,12391,-3178,-7,0.6227213541666666,1.39404296875,-0.7713216145833334,0.48866686953626776,0.35798526295860916,0,0
228,12391,-3250,-27,0.63232421875,1.3844401041666667,-0.7521158854166667,0.48196746491114356,0.361897320451372,0,0
229,12391,-3340,-23,0.6398111979166666,1.376953125,-0.7371419270833334,0.475718065483731,0.3649799886426437,0,0
230,12391,-3392,-47,0.6471354166666666,1.36962890625,-0.7224934895833334,0.46863891286612774,0.3706629521387819,0,0
231,12391,-3474,-73,0.6565755208333334,1.3601888020833333,-0.7036132812499999,0.46110687801515504,0.376832587556143,0,0
232,12391,-3538,-53,0.6648763020833334,1.3518880208333333,-0.6870117187499999,0.45318768475896204,0.382568788748532,0,0
233,12391,-3616,-45,0.6712239583333334,1.3455403645833333,-0.6743164062499999,0.4456863323052497,0.38555459656241614,0,0
234,12391,-3682,-15,0.6775716145833334,1.3391927083333333,-0.6616210937499999,0.43818213246458837,0.3885793545575373,0,0
235,12391,-3762,-11,0.685546875,1.3312174479166667,-0.6456705729166667,0.429890245699139,0.3933559598189827,0,0
236,12391,-3846,-21,0.6941731770833334,1.3225911458333333,-0.6284179687499999,0.42221787836289854,0.3958895091039259,0,0
237,12391,-3898,-11,0.7001953125,1.3165690104166667,-0.6163736979166667,0.4133247916162146,0.4026285648584565,0,0
238,12391,-3984,-15,0.70751953125,1.3092447916666667,-0.6017252604166667,0.40531122310742923,0.4101624606796022,0,0
239,12391,-4046,-17,0.7150065104166666,1.3017578125,-0.5867513020833334,0.3971769192058381,0.41469286934860783,0,0
240,12391,-4126,-59,0.72216796875,1.2945963541666667,-0.5724283854166667,0.3891843039159889,0.41831932085517787,0,0
241,12391,-4204,-59,0.7288411458333334,1.2879231770833333,-0.5590820312499999,0.3807088664784723,0.42322140079209375,0,0
242,12391,-4270,-79,0.7350260416666666,1.28173828125,-0.5467122395833334,0.37269861960441447,0.42538702777785675,0,0
243,12391,-4344,-63,0.7428385416666666,1.27392578125,-0.5310872395833334,0.36468730922529924,0.42982595180266775,0,0
244,12391,-4408,-51,0.7509765625,1.2657877604166667,-0.5148111979166667,0.35500206924928424,0.4330757523407872,0,0
245,12391,-4460,-37,0.7587890625,1.2579752604166667,-0.49918619791666674,0.34409059059259167,0.43705355316047834,0,0
246,12391,-4516,-39,0.7649739583333334,1.2517903645833333,-0.4868164062499999,0.33402923649417543,0.4426601941339184,0,0
247,12391,-4566,-45,0.771484375,1.2452799479166667,-0.47379557291666674,0.32432685050712595,0.44473249621450583,0,0
248,12391,-4622,-35,0.7783203125,1.2384440104166667,-0.46012369791666674,0.31475846789497275,0.4505128707123189,0,0
249,12391,-4710,-31,0.7869466145833334,1.2298177083333333,-0.4428710937499999,0.30480790624311793,0.45186067511263694,0,0
250,12391,-4780,-23,0.7941080729166666,1.22265625,-0.42854817708333337,0.2949159573264361,0.4563110284966156,0,0
251,12391,-4840,-15,0.80078125,1.2159830729166667,-0.41520182291666674,0.28339051313078467,0.46084218049967574,0,0
252,12391,-4900,-3,0.81005859375,1.2067057291666667,-0.39664713541666674,0.2732679406959615,0.46519227253420303,0,0
253,12391,-4954,21,0.8181966145833334,1.1985677083333333,-0.3803710937499999,0.2642411277178169,0.46891961678472976,0,0
254,12391,-4998,35,0.8250325520833334,1.1917317708333333,-0.3666992187499999,0.2501007494613748,0.47201197185709615,0,0
255,12391,-5064,43,0.8317057291666666,1.18505859375,-0.35335286458333337,0.23824988282911114,0.475327053319855,0,0
256,12391,-5106,43,0.8391927083333334,1.1775716145833333,-0.3383789062499999,0.2259605327723686,0.4768178876980554,0,0
257,12391,-5144,51,0.8470052083333334,1.1697591145833333,-0.3227539062499999,0.21779387769471525,0.47852021982468723,0,0
258,12391,-5180,53,0.8557942708333334,1.1609700520833333,-0.3051757812499999,0.20652411022364264,0.4805670786372728,0,0
259,12391,-5212,71,0.8631184895833334,1.1536458333333333,-0.2905273437499999,0.1939397772191248,0.48319032602065165,0,0
260,12391,-5228,77,0.8701171875,1.1466471354166667,-0.27652994791666674,0.18195682512727898,0.48258949850853466,0,0
261,12391,-5228,87,0.8782552083333334,1.1385091145833333,-0.2602539062499999,0.17440521881986662,0.48204609993745534,0,0
262,12391,-5232,89,0.8865559895833334,1.1302083333333333,-0.2436523437499999,0.16746254810266556,0.4826946049938142,0,0
263,12391,-5230,91,0.89306640625,1.1236979166666667,-0.23063151041666674,0.16332679767231242,0.4818028231646592,0,0
264,12391,-5226,95,0.90087890625,1.1158854166666667,-0.21500651041666674,0.15607591467478282,0.4819216440221971,0,0
265,12391,-5216,91,0.9093424479166666,1.107421875,-0.19807942708333337,0.1558514111728715,0.48161447520089107,0,0
266,12391,-5194,87,0.916015625,1.1007486979166667,-0.18473307291666674,0.15295193503236276,0.48019943782944446,0,0
267,12391,-5174,75,0.9225260416666666,1.09423828125,-0.17171223958333337,0.15418965804526244,0.4808698026352185,0,0
268,12391,-5134,75,0.9290364583333334,1.0877278645833333,-0.1586914062499999,0.15653993340697117,0.47959334940251325,0,0
269,12391,-5114,83,0.9353841145833334,1.0813802083333333,-0.1459960937499999,0.16096685480697934,0.4799981518492705,0,0
270,12391,-5112,89,0.9430338541666666,1.07373046875,-0.13069661458333337,0.16667662434579034,0.4800770171323665,0,0
271,12391,-5088,85,0.9501953125,1.0665690104166667,-0.11637369791666674,0.17282781973512704,0.47852534821153964,0,0
272,12391,-5078,61,0.9571940104166666,1.0595703125,-0.10237630208333337,0.18382346636405492,0.4787182884910924,0,0
273,12391,-5038,69,0.96484375,1.0519205729166667,-0.08707682291666674,0.18894933709052886,0.47615443713000405,0,0
274,12391,-5008,67,0.9734700520833334,1.0432942708333333,-0.06982421874999989,0.1962345665835535,0.4745006507416156,0,0
275,12391,-4972,63,0.9803059895833334,1.0364583333333333,-0.05615234374999989,0.1993326584371992,0.4726133484541819,0,0
276,12391,-4944,65,0.9866536458333334,1.0301106770833333,-0.04345703124999989,0.19996527829193683,0.47041157625103325,0,0
277,12391,-4896,63,0.99462890625,1.0221354166666667,-0.02750651041666674,0.20369519196033148,0.46890951078725124,0,0
278,12391,-4844,83,1.0017903645833333,1.0149739583333333,-0.01318359375,0.21171466692343452,0.46677794668051403,0,0
279,12391,-4812,67,1.0110677083333333,1.0056966145833333,0.00537109375,0.21564157718450802,0.46573517267980613,0,0
280,12391,-4750,45,1.0205078125,0.9962565104166666,0.02425130208333337,0.22167515441896005,0.4652374991405817,0,0
281,12391,-4700,45,1.0283203125,0.9884440104166666,0.03987630208333337,0.22893496540157188,0.46305064683865815,0,0
282,12391,-4662,63,1.0364583333333333,0.9803059895833334,0.05615234374999989,0.23444566047588317,0.46274714553614177,0,0
283,12391,-4598,83,1.04345703125,0.9733072916666666,0.07014973958333337,0.24183406244769,0.46141208605872336,0,0
284,12391,-4562,77,1.05224609375,0.9645182291666666,0.08772786458333337,0.25030067117595534,0.45968188986319164,0,0
285,12391,-4528,73,1.05908203125,0.9576822916666666,0.10139973958333337,0.2542365867149758,0.45828963373494525,0,0
286,12391,-4498,77,1.06787109375,0.9488932291666666,0.11897786458333337,0.2647375709855204,0.45707347988486385,0,0
287,12391,-4432,65,1.0764973958333333,0.9402669270833334,0.1362304687499999,0.27205255936769346,0.45619215119573897,0,0
288,12391,-4394,59,1.083984375,0.9327799479166666,0.15120442708333337,0.2806190310525986,0.4548644679883182,0,0
289,12391,-4364,65,1.09228515625,0.9244791666666666,0.16780598958333337,0.285592713203932,0.45226217249874767,0,0
290,12391,-4334,67,1.0999348958333333,0.9168294270833334,0.1831054687499999,0.29132380012698894,0.4501345849732842,0,0
291,12391,-4292,65,1.10693359375,0.9098307291666666,0.19710286458333337,0.2955893863080808,0.4481867871636121,0,0
292,12391,-4238,67,1.11376953125,0.9029947916666666,0.21077473958333337,0.2987538420938609,0.4454210552410467,0,0
293,12391,-4194,81,1.12060546875,0.8961588541666666,0.22444661458333337,0.30486123575991236,0.4433444269710002,0,0
294,12391,-4150,63,1.1292317708333333,0.8875325520833334,0.2416992187499999,0.31265372292632604,0.44095941035232983,0,0
295,12391,-4106,63,1.1363932291666667,0.88037109375,0.25602213541666674,0.3187968702789354,0.4404420195231302,0,0
296,12391,-4068,41,1.1427408854166667,0.8740234375,0.26871744791666674,0.32308292283008927,0.4384769190021563,0,0
297,12391,-4000,43,1.15087890625,0.8658854166666666,0.28499348958333337,0.33038165043373346,0.43763928317386075,0,0
298,12391,-3940,59,1.1588541666666667,0.85791015625,0.30094401041666674,0.33633490152266876,0.436613149964159,0,0
299,12391,-3892,55,1.1666666666666667,0.85009765625,0.31656901041666674,0.3427067901128185,0.43529342301696855,0,0
300,12391,-3848,57,1.1769205729166667,0.83984375,0.33707682291666674,0.3483274897060001,0.432491015694123,0,0
301,12391,-3794,59,1.1848958333333333,0.8318684895833334,0.3530273437499999,0.3533248943820895,0.43027199047113246,0,0
302,12391,-3734,59,1.193359375,0.8234049479166666,0.36995442708333337,0.35985816051328806,0.4266324359068481,0,0
303,12391,-3682,77,1.2014973958333333,0.8152669270833334,0.3862304687499999,0.36494439383449184,0.42356238244864475,0,0
304,12391,-3616,89,1.2096354166666667,0.80712890625,0.40250651041666674,0.3695176462081576,0.4216778748940747,0,0
305,12391,-3550,93,1.21630859375,0.8004557291666666,0.41585286458333337,0.3735733251956515,0.41901669179413,0,0
306,12391,-3508,99,1.2237955729166667,0.79296875,0.43082682291666674,0.37889137453553773,0.4149584637050549,0,0
307,12391,-3446,111,1.2320963541666667,0.78466796875,0.44742838541666674,0.3835363463756174,0.41172472573220004,0,0
308,12391,-3372,113,1.2405598958333333,0.7762044270833334,0.4643554687499999,0.3890975387551662,0.4094630627501043,0,0
309,12391,-3334,95,1.2486979166666667,0.76806640625,0.48063151041666674,0.39364432823718554,0.407574594064813,0,0
310,12391,-3270,109,1.2571614583333333,0.7596028645833334,0.4975585937499999,0.39798840474226305,0.40698016389546254,0,0
311,12391,-3230,131,1.2646484375,0.7521158854166666,0.5125325520833334,0.4043629212200955,0.4059021755221009,0,0
312,12391,-3154,147,1.2721354166666667,0.74462890625,0.5275065104166667,0.4110189804312363,0.4023039121440795,0,0
313,12391,-3094,145,1.2801106770833333,0.7366536458333334,0.5434570312499999,0.4170385480745164,0.4006474039380734,0,0
314,12391,-3032,169,1.28857421875,0.7281901041666666,0.5603841145833334,0.4262855323653416,0.39793471332963315,0,0
315,12391,-2978,187,1.2962239583333333,0.7205403645833334,0.5756835937499999,0.4321995389124257,0.3962200882518284,0,0
316,12391,-2912,165,1.3040364583333333,0.7127278645833334,0.5913085937499999,0.4379480527822104,0.3935721072262524,0,0
317,12391,-2858,165,1.3115234375,0.7052408854166666,0.6062825520833334,0.4420067471910987,0.3901559302786384,0,0
318,12391,-2796,157,1.3194986979166667,0.697265625,0.6222330729166667,0.44714297627672256,0.38358219699030416,0,0
319,12391,-2772,145,1.3263346354166667,0.6904296875,0.6359049479166667,0.45083611659876066,0.37903039937114247,0,0
320,12391,-2692,123,1.3333333333333333,0.6834309895833334,0.6499023437499999,0.4544497203504481,0.37410336356005364,0,0
321,12391,-2640,129,1.3400065104166667,0.6767578125,0.6632486979166667,0.4590356955701041,0.37085445818983265,0,0
322,12391,-2596,123,1.3465169270833333,0.6702473958333334,0.6762695312499999,0.46307699268560454,0.3664972579973915,0,0
323,12391,-2544,101,1.353515625,0.6632486979166666,0.6902669270833334,0.4681823949137011,0.36533936709055553,0,0
324,12391,-2474,127,1.3603515625,0.6564127604166666,0.7039388020833334,0.47321422365062693,0.3626407855614716,0,0
325,12391,-2410,131,1.3673502604166667,0.6494140625,0.7179361979166667,0.47702011235532643,0.3604667676393889,0,0
326,12391,-2356,115,1.3741861979166667,0.642578125,0.7316080729166667,0.48295758595688415,0.35963129749475053,0,0
327,12391,-2286,125,1.3831380208333333,0.6336263020833334,0.7495117187499999,0.4888741071381365,0.35701737434286246,0,0
328,12391,-2242,107,1.3898111979166667,0.626953125,0.7628580729166667,0.4970223272273532,0.35146988766572956,0,0
329,12391,-2180,63,1.3958333333333333,0.6209309895833334,0.7749023437499999,0.5041469278939892,0.34617184931782147,0,0
330,12391,-2104,55,1.4026692708333333,0.6140950520833334,0.7885742187499999,0.508338832862857,0.3425071553912708,0,0
331,12391,-2050,75,1.4085286458333333,0.6082356770833334,0.8002929687499999,0.5126891790159326,0.3378274084499022,0,0
332,12391,-1990,57,1.4150390625,0.6017252604166666,0.8133138020833334,0.5181433244398695,0.33511211869766877,0,0
333,12391,-1918,83,1.42236328125,0.5944010416666666,0.8279622395833334,0.520450275478759,0.3281195825862042,0,0
334,12391,-1884,77,1.4287109375,0.5880533854166666,0.8406575520833334,0.5245595808793667,0.3231416040456745,0,0
335,12391,-1824,81,1.4334309895833333,0.5833333333333334,0.8500976562499999,0.5279931239995551,0.31785920273448953,0,0
336,12391,-1772,79,1.4391276041666667,0.57763671875,0.8614908854166667,0.5314138953774937,0.3174621835115643,0,0
337,12391,-1730,97,1.4444986979166667,0.572265625,0.8722330729166667,0.5355721720071362,0.31221082676052847,0,0
338,12391,-1678,117,1.451171875,0.5655924479166666,0.8855794270833334,0.5409689814501808,0.30875011333138735,0,0
339,12391,-1624,119,1.4558919270833333,0.5608723958333334,0.8950195312499999,0.5452883337738724,0.3066941127656078,0,0
340,12391,-1544,129,1.4612630208333333,0.5555013020833334,0.9057617187499999,0.5519192483272152,0.30332756045364434,0,0
341,12391,-1484,119,1.4666341145833333,0.5501302083333334,0.9165039062499999,0.5562727201683166,0.3005564295573637,0,0
342,12391,-1416,107,1.4724934895833333,0.5442708333333334,0.9282226562499999,0.5609759339809554,0.297810580723384,0,0
343,12391,-1362,93,1.4762369791666667,0.54052734375,0.9357096354166667,0.5657815157674736,0.293556821507404,0,0
344,12391,-1290,87,1.4811197916666667,0.53564453125,0.9454752604166667,0.569098207998937,0.287679169400073,0,0
345,12391,-1248,81,1.4851888020833333,0.5315755208333334,0.9536132812499999,0.5712716419074741,0.28213535973181975,0,0
346,12391,-1190,67,1.4895833333333333,0.5271809895833334,0.9624023437499999,0.5722995473439335,0.27566700482460155,0,0
347,12391,-1136,79,1.4949544270833333,0.5218098958333334,0.9731445312499999,0.5720525812845729,0.2735839029248777,0,0
348,12391,-1062,65,1.4996744791666667,0.51708984375,0.9825846354166667,0.5738575656932949,0.2717864932875758,0,0
349,12391,-1006,63,1.5026041666666667,0.51416015625,0.9884440104166667,0.5756308220722097,0.26775910549927273,0,0
350,12391,-948,69,1.50732421875,0.5094401041666666,0.9978841145833334,0.5782210403302086,0.2602086576209934,0,0
351,12391,-902,59,1.5120442708333333,0.5047200520833334,1.00732421875,0.5805197378505701,0.25648207502451437,0,0
352,12391,-842,65,1.5172526041666667,0.49951171875,1.0177408854166667,0.5818945976430973,0.2559455875684755,0,0
353,12391,-786,63,1.5216471354166667,0.4951171875,1.0265299479166667,0.5830024468946275,0.2567471412547321,0,0
354,12391,-714,75,1.5260416666666667,0.49072265625,1.0353190104166667,0.58309038340798,0.2503522099637879,0,0
355,12391,-654,87,1.5302734375,0.4864908854166667,1.0437825520833333,0.585211853710197,0.24931121824913244,0,0
356,12391,-584,105,1.53369140625,0.4830729166666667,1.0506184895833333,0.5845340776432422,0.24220674079424692,0,0
357,12391,-514,93,1.5382486979166667,0.478515625,1.0597330729166667,0.5849211690039531,0.2391175460040549,0,0
358,12391,-462,111,1.5418294270833333,0.4749348958333333,1.06689453125,0.5844228216653127,0.23170416006613417,0,0
359,12391,-392,89,1.54638671875,0.4703776041666667,1.0760091145833333,0.5843393657807108,0.23267511448548833,0,0
360,12391,-314,85,1.5504557291666667,0.46630859375,1.0841471354166667,0.5838854994928748,0.23043612584367307,0,0
361,12391,-252,87,1.5535481770833333,0.4632161458333333,1.09033203125,0.584397144200969,0.22428548343955615,0,0
362,12391,-204,103,1.5559895833333333,0.4607747395833333,1.09521484375,0.5826076415385901,0.2243662638760312,0,0
363,12391,-126,105,1.5602213541666667,0.45654296875,1.1036783854166667,0.5819869989608563,0.22406948990819975,0,0
364,12391,-68,95,1.5611979166666667,0.45556640625,1.1056315104166667,0.5808298494654581,0.22006718688887916,0,0
365,12391,-4,93,1.5623372395833333,0.4544270833333333,1.10791015625,0.5797868717030075,0.21897139124554107,0,0
366,12391,60,105,1.5621744791666667,0.45458984375,1.1075846354166667,0.5784956369798949,0.2199164177317562,0,0
367,12391,122,81,1.5618489583333333,0.4549153645833333,1.10693359375,0.5776259939176487,0.21718327496399417,0,0
368,12391,200,99,1.5607096354166667,0.4560546875,1.1046549479166667,0.5748068839204612,0.21640330300238178,0,0
369,12391,264,101,1.5579427083333333,0.4588216145833333,1.09912109375,0.5720635112407467,0.21000326121361404,0,0
370,12391,326,105,1.55615234375,0.4606119791666667,1.0955403645833333,0.5689114017040506,0.21247726334718317,0,0
371,12391,388,95,1.5537109375,0.4630533854166667,1.0906575520833333,0.5674169411876491,0.2139207075146215,0,0
372,12391,436,87,1.5499674479166667,0.466796875,1.0831705729166667,0.5667333293042747,0.216942558922687,0,0
373,12391,490,85,1.54638671875,0.4703776041666667,1.0760091145833333,0.5647417467672549,0.21634447402486878,0,0
374,12391,562,89,1.5428059895833333,0.4739583333333333,1.06884765625,0.5628186648314415,0.2164353185284175,0,0
375,12391,620,73,1.5388997395833333,0.4778645833333333,1.06103515625,0.5604786073683795,0.22136804387700673,0,0
376,12391,682,89,1.5341796875,0.4825846354166667,1.0515950520833333,0.557729778847323,0.22191562318830876,0,0
377,12391,734,101,1.5279947916666667,0.48876953125,1.0392252604166667,0.5541262128413446,0.22128636524247752,0,0
378,12391,822,95,1.5224609375,0.4943033854166667,1.0281575520833333,0.5521548365812423,0.21392824354463727,0,0
379,12391,886,81,1.5164388020833333,0.5003255208333334,1.01611328125,0.5490956921895005,0.21681503470373045,0,0
380,12391,964,57,1.5087890625,0.5079752604166666,1.0008138020833335,0.5444529298745264,0.21856550626417207,0,0
381,12391,1026,85,1.5030924479166667,0.513671875,0.9894205729166667,0.5412324417980912,0.22425118822112608,0,0
382,12391,1106,55,1.4977213541666667,0.51904296875,0.9786783854166667,0.5364680289489466,0.22859298887057955,0,0
383,12391,1158,55,1.4925130208333333,0.5242513020833334,0.9682617187499999,0.5322204249354453,0.2341134017870544,0,0
384,12391,1244,49,1.48583984375,0.5309244791666666,0.9549153645833334,0.5293815658671419,0.23731849435620384,0,0
385,12391,1306,63,1.48046875,0.5362955729166666,0.9441731770833334,0.525255227480204,0.23766468756395703,0,0
386,12391,1382,47,1.4754231770833333,0.5413411458333334,0.9340820312499999,0.5225843510317214,0.2449527373522721,0,0
387,12391,1440,39,1.4703776041666667,0.54638671875,0.9239908854166667,0.5206472640102898,0.24473844885733592,0,0
388,12391,1512,41,1.46533203125,0.5514322916666666,0.9138997395833334,0.5164680943010738,0.23909555854417044,0,0
389,12391,1588,23,1.45849609375,0.5582682291666666,0.9002278645833334,0.5122768007535706,0.23927771983281518,0,0
390,12391,1656,35,1.4534505208333333,0.5633138020833334,0.8901367187499999,0.5083535926526639,0.24475009757650049,0,0
391,12391,1746,39,1.4475911458333333,0.5691731770833334,0.8784179687499999,0.5044891145846664,0.2466941096867516,0,0
392,12391,1806,25,1.4396158854166667,0.5771484375,0.8624674479166667,0.49995989564916066,0.2476964588221378,0,0
393,12391,1862,35,1.43359375,0.5831705729166666,0.8504231770833334,0.49603254919089684,0.24814219572875648,0,0
394,12391,1926,37,1.4287109375,0.5880533854166666,0.8406575520833334,0.4929498321632773,0.25145467407170496,0,0
395,12391,1988,5,1.421875,0.5948893229166666,0.8269856770833334,0.4902534524253824,0.25123004271625443,0,0
396,12391,2060,3,1.4150390625,0.6017252604166666,0.8133138020833334,0.4876344893454554,0.25236323094556246,0,0
397,12391,2120,-15,1.4080403645833333,0.6087239583333334,0.7993164062499999,0.4836897979971222,0.2526920243384607,0,0
398,12391,2214,-29,1.4016927083333333,0.6150716145833334,0.7866210937499999,0.4784806799400381,0.26066479057702846,0,0
399,12391,2258,-35,1.3943684895833333,0.6223958333333334,0.7719726562499999,0.4733304835801907,0.2626355455884447,0,0
400,12391,2322,-35,1.3868815104166667,0.6298828125,0.7569986979166667,0.46842806220391114,0.2675924467856745,0,0
401,12391,2384,-51,1.3787434895833333,0.6380208333333334,0.7407226562499999,0.4641316655916923,0.2697485598347165,0,0
402,12391,2432,-55,1.3717447916666667,0.64501953125,0.7267252604166667,0.46009147848493653,0.2752778848896762,0,0
403,12391,2494,-59,1.36572265625,0.6510416666666666,0.7146809895833334,0.45386322765332215,0.2762625988431705,0,0
404,12391,2558,-69,1.3587239583333333,0.6580403645833334,0.7006835937499999,0.4483857698257944,0.2780792648843884,0,0
405,12391,2628,-53,1.35205078125,0.6647135416666666,0.6873372395833334,0.4431397936206237,0.2823052816038059,0,0
406,12391,2678,-43,1.3458658854166667,0.6708984375,0.6749674479166667,0.43892635994425533,0.2890873838022318,0,0
407,12391,2712,-53,1.3408203125,0.6759440104166666,0.6648763020833334,0.4349165547279532,0.2873649031881053,0,0
408,12391,2782,-39,1.3341471354166667,0.6826171875,0.6515299479166667,0.43093037869439815,0.2927541834778477,0,0
409,12391,2862,-53,1.3282877604166667,0.6884765625,0.6398111979166667,0.42450704742721146,0.29430968335059604,0,0
410,12391,2904,-47,1.3219401041666667,0.69482421875,0.6271158854166667,0.41848135675978243,0.2969840497406399,0,0
411,12391,2966,-39,1.31591796875,0.7008463541666666,0.6150716145833334,0.41300699201206914,0.300944932919979,0,0
412,12391,3030,-35,1.3097330729166667,0.70703125,0.6027018229166667,0.40603562540501936,0.307533502870871,0,0
413,12391,3078,-55,1.3037109375,0.7130533854166666,0.5906575520833334,0.4001255693337537,0.30843002169216527,0,0
414,12391,3146,-65,1.29736328125,0.7194010416666666,0.5779622395833334,0.39386981367393653,0.31002584681273265,0,0
415,12391,3200,-89,1.2908528645833333,0.7259114583333334,0.5649414062499999,0.38741625957092735,0.3169857783121844,0,0
416,12391,3252,-83,1.2841796875,0.7325846354166666,0.5515950520833334,0.38175197162524555,0.32302815313749633,0,0
417,12391,3308,-103,1.2783203125,0.7384440104166666,0.5398763020833334,0.37653743899818976,0.3238244760348362,0,0
418,12391,3372,-107,1.27197265625,0.7447916666666666,0.5271809895833334,0.3695616379170931,0.3276171224185624,0,0
419,12391,3430,-93,1.265625,0.7511393229166666,0.5144856770833334,0.36333721197300234,0.32927685425294084,0,0
420,12391,3480,-93,1.2586263020833333,0.7581380208333334,0.5004882812499999,0.3564223399033738,0.33467078898172353,0,0
421,12391,3526,-81,1.2521158854166667,0.7646484375,0.48746744791666674,0.35082796137423183,0.338063049796381,0,0
422,12391,3588,-57,1.244140625,0.7726236979166666,0.47151692708333337,0.3449653348121552,0.34194486691209774,0,0
423,12391,3626,-61,1.2373046875,0.7794596354166666,0.45784505208333337,0.33864333194438334,0.3456547733775542,0,0
424,12391,3678,-59,1.2296549479166667,0.787109375,0.44254557291666674,0.33303942635509753,0.35040215799645796,0,0
425,12391,3732,-75,1.2224934895833333,0.7942708333333334,0.4282226562499999,0.3245388458815232,0.3495677638970563,0,0
426,12391,3784,-71,1.2171223958333333,0.7996419270833334,0.4174804687499999,0.316090554170045,0.35427623166268957,0,0
427,12391,3816,-91,1.2115885416666667,0.80517578125,0.40641276041666674,0.3090937412842771,0.3579556173506841,0,0
428,12391,3858,-95,1.2062174479166667,0.810546875,0.39567057291666674,0.3010762870477958,0.36103160846658633,0,0
429,12391,3914,-117,1.1998697916666667,0.81689453125,0.38297526041666674,0.29510670635298963,0.3655356866955546,0,0
430,12391,3974,-115,1.1940104166666667,0.82275390625,0.37125651041666674,0.28860684163416955,0.36763198814167886,0,0
431,12391,4008,-101,1.1888020833333333,0.8279622395833334,0.3608398437499999,0.2818107805351809,0.3726315327848636,0,0
432,12391,4068,-87,1.1822916666666667,0.83447265625,0.34781901041666674,0.27536492183486866,0.37751034295848,0,0
433,12391,4090,-119,1.17724609375,0.8395182291666666,0.33772786458333337,0.2685829932184021,0.3788859313339871,0,0
434,12391,4176,-105,1.1712239583333333,0.8455403645833334,0.3256835937499999,0.2592629990227751,0.3840122558560946,0,0
435,12391,4208,-109,1.16357421875,0.8531901041666666,0.31038411458333337,0.24883252371914705,0.38590977365692686,0,0
436,12391,4246,-111,1.1560872395833333,0.8606770833333334,0.2954101562499999,0.2375613016315164,0.38898553614162135,0,0
437,12391,4272,-123,1.1500651041666667,0.86669921875,0.28336588541666674,0.22769164473957415,0.3925523225254424,0,0
438,12391,4322,-119,1.1437174479166667,0.873046875,0.27067057291666674,0.21917897225042865,0.39579469469752154,0,0
439,12391,4382,-149,1.1368815104166667,0.8798828125,0.25699869791666674,0.2120038927714334,0.39925123306351545,0,0
440,12391,4416,-121,1.1292317708333333,0.8875325520833334,0.2416992187499999,0.20280922866522597,0.4034035366169634,0,0
441,12391,4438,-129,1.1212565104166667,0.8955078125,0.22574869791666674,0.19663562716474606,0.4042206114703504,0,0
442,12391,4466,-129,1.1126302083333333,0.9041341145833334,0.2084960937499999,0.1863704757942484,0.407984714641099,0,0
443,12391,4488,-123,1.10546875,0.9112955729166666,0.19417317708333337,0.17641561772431452,0.4104472152108023,0,0
444,12391,4494,-101,1.0989583333333333,0.9178059895833334,0.1811523437499999,0.16765658871196382,0.41220787509068213,0,0
445,12391,4510,-127,1.0935872395833333,0.9231770833333334,0.1704101562499999,0.15538533635799287,0.41202936406027285,0,0
446,12391,4538,-141,1.08740234375,0.9293619791666666,0.15804036458333337,0.14721952091443608,0.4145921008958172,0,0
447,12391,4536,-147,1.0804036458333333,0.9363606770833334,0.1440429687499999,0.13978630357688723,0.4143073832706953,0,0
448,12391,4532,-115,1.0745442708333333,0.9422200520833334,0.1323242187499999,0.13280409839340665,0.4141473799597772,0,0
449,12391,4532,-121,1.0681966145833333,0.9485677083333334,0.11962890624999989,0.13022730139985092,0.4132943006091422,0,0
450,12391,4514,-105,1.0623372395833333,0.9544270833333334,0.10791015624999989,0.13087864576344976,0.41245295827829803,0,0
451,12391,4514,-103,1.05517578125,0.9615885416666666,0.09358723958333337,0.129011706962631,0.4110572239041245,0,0
452,12391,4518,-89,1.0491536458333333,0.9676106770833334,0.08154296874999989,0.13377980204823778,0.41100380462008884,0,0
453,12391,4512,-113,1.0437825520833333,0.9729817708333334,0.07080078124999989,0.13125075237543246,0.4097484011725686,0,0
454,12391,4466,-97,1.0369466145833333,0.9798177083333334,0.05712890624999989,0.13415318313800093,0.40759324498641014,0,0
455,12391,4478,-105,1.0310872395833333,0.9856770833333334,0.04541015624999989,0.13010240839100598,0.4078408830127108,0,0
456,12391,4432,-97,1.0240885416666667,0.99267578125,0.03141276041666674,0.13682058896873886,0.40799058027147894,0,0
457,12391,4398,-89,1.0182291666666667,0.99853515625,0.01969401041666674,0.14210200178178214,0.407113348689704,0,0
458,12391,4362,-71,1.0113932291666667,1.00537109375,0.006022135416666741,0.150537348520061,0.4060333647930489,0,0
459,12391,4328,-79,1.0040690104166667,1.0126953125,-0.00862630208333326,0.15729700692413298,0.4041384664111161,0,0
460,12391,4306,-69,0.99609375,1.0206705729166667,-0.02457682291666674,0.163518098483433,0.40277771266031065,0,0
461,12391,4268,-85,0.9899088541666666,1.02685546875,-0.03694661458333337,0.1720518680664877,0.4008531391199275,0,0
462,12391,4230,-73,0.9825846354166666,1.0341796875,-0.05159505208333337,0.18003610886695065,0.40120737852723865,0,0
463,12391,4196,-93,0.9749348958333334,1.0418294270833333,-0.06689453124999989,0.190504841240072,0.39828126937891134,0,0
464,12391,4140,-73,0.9677734375,1.0489908854166667,-0.08121744791666674,0.19755560962472116,0.3947526044227273,0,0
465,12391,4104,-83,0.9597981770833334,1.0569661458333333,-0.09716796874999989,0.20464454678533842,0.39237390728076527,0,0
466,12391,4070,-73,0.9529622395833334,1.0638020833333333,-0.11083984374999989,0.2149387481421052,0.3912111485231442,0,0
467,12391,4032,-89,0.94482421875,1.0719401041666667,-0.12711588541666674,0.2202944014624897,0.3898106162646277,0,0
468,12391,3962,-91,0.9366861979166666,1.080078125,-0.14339192708333337,0.2286835610771525,0.3891353754775431,0,0
469,12391,3924,-99,0.92919921875,1.0875651041666667,-0.15836588541666674,0.23318345817621444,0.38790795368316083,0,0
470,12391,3890,-65,0.9215494791666666,1.09521484375,-0.17366536458333337,0.24019448159983572,0.3872975409631783,0,0
471,12391,3850,-75,0.9147135416666666,1.10205078125,-0.18733723958333337,0.24634755774623432,0.3863652229256478,0,0
472,12391,3782,-63,0.908203125,1.1085611979166667,-0.20035807291666674,0.25346317418465647,0.3830960512327688,0,0
473,12391,3734,-83,0.89990234375,1.1168619791666667,-0.21695963541666674,0.2615775182191525,0.3822270402862268,0,0
474,12391,3686,-75,0.8935546875,1.1232096354166667,-0.22965494791666674,0.26631057951149717,0.37866226560381777,0,0
475,12391,3662,-77,0.8863932291666666,1.13037109375,-0.24397786458333337,0.276045275887117,0.37583031795654515,0,0
476,12391,3618,-39,0.8780924479166666,1.138671875,-0.26057942708333337,0.2817042622323143,0.37553439239649017,0,0
477,12391,3574,-61,0.8720703125,1.1446940104166667,-0.27262369791666674,0.2874432702310179,0.37250242986476334,0,0
478,12391,3504,-47,0.8644205729166666,1.15234375,-0.28792317708333337,0.29110909489904185,0.37132951666748887,0,0
479,12391,3464,-43,0.85693359375,1.1598307291666667,-0.30289713541666674,0.2946020126073182,0.3690978390256677,0,0
480,12391,3390,-41,0.8505859375,1.1661783854166667,-0.31559244791666674,0.29982348351954435,0.3659221047536392,0,0
481,12391,3350,-55,0.8444010416666666,1.17236328125,-0.32796223958333337,0.3047997008738915,0.365438931985866,0,0
482,12391,3300,-55,0.837890625,1.1788736979166667,-0.34098307291666674,0.3090694658723387,0.36217894851488913,0,0
483,12391,3248,-45,0.8321940104166666,1.1845703125,-0.35237630208333337,0.3139668590621926,0.36125639283155353,0,0
484,12391,3190,-19,0.8248697916666666,1.19189453125,-0.36702473958333337,0.32112233807504,0.35893788902743284,0,0
485,12391,3150,-9,0.8175455729166666,1.19921875,-0.38167317708333337,0.3242188723422451,0.35712955294095444,0,0
486,12391,3088,5,0.8123372395833334,1.2044270833333333,-0.3920898437499999,0.33019613047941226,0.35536431886178577,0,0
487,12391,3056,3,0.8055013020833334,1.2112630208333333,-0.4057617187499999,0.3348555777728503,0.3543197443610024,0,0
488,12391,3014,11,0.7994791666666666,1.21728515625,-0.41780598958333337,0.3405507871739463,0.35263702850234396,0,0
489,12391,2964,-3,0.79345703125,1.2233072916666667,-0.42985026041666674,0.3473604232208747,0.3497214897815224,0,0
490,12391,2920,-5,0.7862955729166666,1.23046875,-0.44417317708333337,0.3532753410607899,0.3474069111441485,0,0
491,12391,2862,-23,0.779296875,1.2374674479166667,-0.45817057291666674,0.3586049716583366,0.3448592898054835,0,0
492,12391,2810,-37,0.7726236979166666,1.244140625,-0.47151692708333337,0.36289295532510574,0.34000550429131476,0,0
493,12391,2754,-49,0.7667643229166666,1.25,-0.48323567708333337,0.3675359719174834,0.3367646269071576,0,0
494,12391,2692,-39,0.7596028645833334,1.2571614583333333,-0.4975585937499999,0.3724871760299918,0.3332959734265592,0,0
495,12391,2642,-45,0.7532552083333334,1.2635091145833333,-0.5102539062499999,0.37596577795638325,0.3311769387649108,0,0
496,12391,2582,-53,0.74658203125,1.2701822916666667,-0.5236002604166667,0.3819419163292386,0.329707392380689,0,0
497,12391,2520,-73,0.74072265625,1.2760416666666667,-0.5353190104166667,0.3870222639518966,0.3262847982779229,0,0
498,12391,2486,-61,0.734375,1.2823893229166667,-0.5480143229166667,0.3928143186170855,0.32443988653009287,0,0
499,12391,2426,-71,0.7293294270833334,1.2874348958333333,-0.5581054687499999,0.39980666128039954,0.3213894037186151,0,0
500,12391,2382,-59,0.7242838541666666,1.29248046875,-0.5681966145833334,0.40615879924979775,0.3202869264566221,0,0
501,12391,2334,-77,0.7174479166666666,1.29931640625,-0.5818684895833334,0.4132854582535414,0.31833967107610184,0,0
502,12391,2268,-75,0.712890625,1.3038736979166667,-0.5909830729166667,0.4197524077083139,0.3137917393389908,0,0
503,12391,2220,-79,0.7086588541666666,1.30810546875,-0.5994466145833334,0.4245482866575557,0.31153882191649146,0,0
504,12391,2188,-75,0.7018229166666666,1.31494140625,-0.6131184895833334,0.4277907004218349,0.30477199568430885,0,0
505,12391,2146,-89,0.697265625,1.3194986979166667,-0.6222330729166667,0.430724295009535,0.29829307167289065,0,0
506,12391,2100,-81,0.6917317708333334,1.3250325520833333,-0.6333007812499999,0.43487629871945815,0.29727807439800624,0,0
507,12391,2072,-65,0.6876627604166666,1.3291015625,-0.6414388020833334,0.44002755276583505,0.2935171189616898,0,0
508,12391,2004,-49,0.6822916666666666,1.33447265625,-0.6521809895833334,0.44270500157176734,0.2910723409557535,0,0
509,12391,1960,-67,0.6774088541666666,1.33935546875,-0.6619466145833334,0.44751477955965896,0.28731401743071927,0,0
510,12391,1886,-53,0.671875,1.3448893229166667,-0.6730143229166667,0.4539596517171263,0.2881661209723706,0,0
511,12391,1836,-77,0.6676432291666666,1.34912109375,-0.6814778645833334,0.4582640930231535,0.28410786933972393,0,0
512,12391,1762,-49,0.66357421875,1.3531901041666667,-0.6896158854166667,0.4644710243937659,0.28383795135223755,0,0
513,12391,1724,-41,0.6580403645833334,1.3587239583333333,-0.7006835937499999,0.46812897192134206,0.2755945761790622,0,0
514,12391,1644,-27,0.6531575520833334,1.3636067708333333,-0.7104492187499999,0.47344935625154094,0.27249361237924147,0,0
515,12391,1614,-37,0.64892578125,1.3678385416666667,-0.7189127604166667,0.47695719192134306,0.26650436917882875,0,0
516,12391,1550,-27,0.64501953125,1.3717447916666667,-0.7267252604166667,0.47977262303307416,0.2625956122972306,0,0
517,12391,1494,-45,0.6398111979166666,1.376953125,-0.7371419270833334,0.48150280712126564,0.256498690165833,0,0
518,12391,1426,-33,0.6337890625,1.3829752604166667,-0.7491861979166667,0.4836199881490136,0.25433105252687294,0,0
519,12391,1376,-51,0.6297200520833334,1.3870442708333333,-0.7573242187499999,0.4863274329857927,0.25177019051821586,0,0
520,12391,1318,-23,0.6272786458333334,1.3894856770833333,-0.7622070312499999,0.4906257205512962,0.2474169279823409,0,0
521,12391,1268,-29,0.6232096354166666,1.3935546875,-0.7703450520833334,0.49391793815393065,0.24326341176093302,0,0
522,12391,1194,-11,0.6171875,1.3995768229166667,-0.7823893229166667,0.4964962023649166,0.2422667909802512,0,0
523,12391,1140,-11,0.6123046875,1.4044596354166667,-0.7921549479166667,0.4987127283698654,0.24002364132808138,0,0
524,12391,1076,-9,0.6075846354166666,1.4091796875,-0.8015950520833334,0.5006522565056672,0.23970915805589074,0,0
525,12391,1038,-3,0.6036783854166666,1.4130859375,-0.8094075520833334,0.504994531054923,0.23241295840358683,0,0
526,12391,968,-13,0.6007486979166666,1.416015625,-0.8152669270833334,0.50745985268757,0.23228817276372835,0,0
527,12391,910,-7,0.5963541666666666,1.42041015625,-0.8240559895833334,0.5105872211632366,0.22716160584396264,0,0
528,12391,862,-5,0.5914713541666666,1.42529296875,-0.8338216145833334,0.5105774243973159,0.22524094030981792,0,0
529,12391,800,-15,0.58740234375,1.4293619791666667,-0.8419596354166667,0.5116466118629761,0.22453030624419834,0,0
530,12391,720,-25,0.5841471354166666,1.4326171875,-0.8484700520833334,0.5120130951385268,0.22403706757371844,0,0
531,12391,660,-7,0.580078125,1.4366861979166667,-0.8566080729166667,0.5125598889976577,0.22012640700060188,0,0
532,12391,610,-5,0.57763671875,1.4391276041666667,-0.8614908854166667,0.5138075184514072,0.21690562695259596,0,0
533,12391,570,-5,0.5745442708333334,1.4422200520833333,-0.8676757812499999,0.514566309308269,0.2167579713613254,0,0
534,12391,510,11,0.5701497395833334,1.4466145833333333,-0.8764648437499999,0.5165915648229489,0.2117227168767675,0,0
535,12391,470,29,0.568359375,1.4484049479166667,-0.8800455729166667,0.5161071974854268,0.20740220245931854,0,0
536,12391,400,27,0.5667317708333334,1.4500325520833333,-0.8833007812499999,0.5157678696965218,0.2055513686887695,0,0
537,12391,344,63,0.56298828125,1.4537760416666667,-0.8907877604166667,0.5159933051813952,0.2061070854716213,0,0
538,12391,302,57,0.55859375,1.4581705729166667,-0.8995768229166667,0.5164753580900372,0.2015551038282151,0,0
539,12391,254,79,0.5548502604166666,1.4619140625,-0.9070638020833334,0.5155423356336084,0.20049663485442998,0,0
540,12391,188,65,0.5514322916666666,1.46533203125,-0.9138997395833334,0.5158018125208418,0.1961500595988653,0,0
541,12391,138,61,0.5494791666666666,1.46728515625,-0.9178059895833334,0.5149234290206215,0.19463375732501842,0,0
542,12391,74,53,0.5470377604166666,1.4697265625,-0.9226888020833334,0.5124012812294224,0.19325170874300437,0,0
543,12391,-10,53,0.5441080729166666,1.47265625,-0.9285481770833334,0.5113312261647411,0.19093581206540358,0,0
544,12391,-66,41,0.541015625,1.4757486979166667,-0.9347330729166667,0.5101118612929259,0.192075708377082,0,0
545,12391,-120,45,0.5380859375,1.4786783854166667,-0.9405924479166667,0.5094274475227426,0.19250021111349253,0,0
546,12391,-148,61,0.5358072916666666,1.48095703125,-0.9451497395833334,0.5076002961695641,0.1932932039957458,0,0
547,12391,-210,75,0.53271484375,1.4840494791666667,-0.9513346354166667,0.5070160915540302,0.1914559390002039,0,0
548,12391,-272,97,0.5304361979166666,1.486328125,-0.9558919270833334,0.5056973089470885,0.19232699570060907,0,0
549,12391,-338,99,0.5299479166666666,1.48681640625,-0.9568684895833334,0.5033426188134771,0.19803819138000195,0,0
550,12391,-390,71,0.52880859375,1.4879557291666667,-0.9591471354166667,0.5021661137396171,0.19569502240692432,0,0
551,12391,-460,79,0.5291341145833334,1.4876302083333333,-0.9584960937499999,0.5005923064512888,0.19457061522247765,0,0
552,12391,-516,67,0.5314127604166666,1.4853515625,-0.9539388020833334,0.4973845009230449,0.1995919596341694,0,0
553,12391,-566,59,0.5343424479166666,1.482421875,-0.9480794270833334,0.4949018381708694,0.19835337147118198,0,0
554,12391,-644,53,0.5384114583333334,1.4783528645833333,-0.9399414062499999,0.49168234072686506,0.19710918256294202,0,0
555,12391,-700,73,0.5426432291666666,1.47412109375,-0.9314778645833334,0.48861312692111514,0.2026747039656316,0,0
556,12391,-766,49,0.5481770833333334,1.4685872395833333,-0.9204101562499999,0.4863608592755981,0.20508074166138268,0,0
557,12391,-814,69,0.5519205729166666,1.46484375,-0.9129231770833334,0.4838112948151767,0.2056359472494209,0,0
558,12391,-858,47,0.5574544270833334,1.4593098958333333,-0.9018554687499999,0.4811988497689195,0.20370648029371352,0,0
559,12391,-922,63,0.5625,1.4542643229166667,-0.8917643229166667,0.4774393700057186,0.20185661787944897,0,0
560,12391,-972,59,0.56689453125,1.4498697916666667,-0.8829752604166667,0.47504990977699607,0.20241790158897385,0,0
561,12391,-1036,65,0.5712890625,1.4454752604166667,-0.8741861979166667,0.472952534318228,0.2015830807105927,0,0
562,12391,-1102,81,0.57470703125,1.4420572916666667,-0.8673502604166667,0.47053497469392164,0.20365462714694343,0,0
563,12391,-1146,85,0.5779622395833334,1.4388020833333333,-0.8608398437499999,0.46877764888626683,0.20585076534869337,0,0
564,12391,-1212,91,0.5828450520833334,1.4339192708333333,-0.8510742187499999,0.46565683259140495,0.20784586023626925,0,0
565,12391,-1248,93,0.5885416666666666,1.42822265625,-0.8396809895833334,0.46326598525817764,0.20961376363078724,0,0
566,12391,-1294,91,0.5929361979166666,1.423828125,-0.8308919270833334,0.46084916764235484,0.21226732958807268,0,0
567,12391,-1356,67,0.5983072916666666,1.41845703125,-0.8201497395833334,0.4574064453425353,0.21324129241179623,0,0
568,12391,-1400,63,0.60546875,1.4112955729166667,-0.8058268229166667,0.4535628042412233,0.21670514061643129,0,0
569,12391,-1436,67,0.61083984375,1.4059244791666667,-0.7950846354166667,0.4495166469094248,0.2226420356465793,0,0
570,12391,-1502,81,0.6183268229166666,1.3984375,-0.7801106770833334,0.44575927755370437,0.2248118616743935,0,0
571,12391,-1560,95,0.6243489583333334,1.3924153645833333,-0.7680664062499999,0.4412705489237932,0.22722729848390633,0,0
572,12391,-1622,91,0.62890625,1.3878580729166667,-0.7589518229166667,0.43778240865324963,0.22795116961478745,0,0
573,12391,-1694,75,0.6350911458333334,1.3816731770833333,-0.7465820312499999,0.43386003779128246,0.22813043239054587,0,0
574,12391,-1748,75,0.64111328125,1.3756510416666667,-0.7345377604166667,0.42922650083645786,0.22929612251977888,0,0
575,12391,-1808,81,0.6468098958333334,1.3699544270833333,-0.7231445312499999,0.4272378601232461,0.23239397054811692,0,0
576,12391,-1860,87,0.6539713541666666,1.36279296875,-0.7088216145833334,0.42386142574921903,0.23595632800793123,0,0
577,12391,-1914,73,0.66015625,1.3566080729166667,-0.6964518229166667,0.41922774585296757,0.23574785496566886,0,0
578,12391,-1976,61,0.6647135416666666,1.35205078125,-0.6873372395833334,0.415491421438457,0.2366131295328497,0,0
579,12391,-2014,85,0.6710611979166666,1.345703125,-0.6746419270833334,0.41086074140971773,0.24017820062839848,0,0
580,12391,-2068,77,0.6770833333333334,1.3396809895833333,-0.6625976562499999,0.40767692835926195,0.24130241454536008,0,0
581,12391,-2110,85,0.6824544270833334,1.3343098958333333,-0.6518554687499999,0.4039142520807194,0.24336973056892228,0,0
582,12391,-2172,75,0.68798828125,1.3287760416666667,-0.6407877604166667,0.40092796780264817,0.24442498115077224,0,0
583,12391,-2234,91,0.6931966145833334,1.3235677083333333,-0.6303710937499999,0.3984123605706975,0.24899920920229252,0,0
584,12391,-2286,111,0.7000325520833334,1.3167317708333333,-0.6166992187499999,0.3935839651536362,0.2543500577272997,0,0
585,12391,-2328,97,0.70654296875,1.3102213541666667,-0.6036783854166667,0.3883544222165139,0.25644853932945216,0,0
586,12391,-2384,123,0.7109375,1.3058268229166667,-0.5948893229166667,0.38511768133593177,0.259624234044818,0,0
587,12391,-2426,89,0.7177734375,1.2989908854166667,-0.5812174479166667,0.3806595928110523,0.2617940848829748,0,0
588,12391,-2494,99,0.7247721354166666,1.2919921875,-0.5672200520833334,0.3742589210512512,0.26417476691854247,0,0
589,12391,-2512,85,0.7301432291666666,1.28662109375,-0.5564778645833334,0.36975108082864866,0.2654876920318593,0,0
590,12391,-2554,81,0.736328125,1.2804361979166667,-0.5441080729166667,0.36500606719713746,0.2676186075116672,0,0
591,12391,-2604,67,0.740234375,1.2765299479166667,-0.5362955729166667,0.3624102001042686,0.2674881104145155,0,0
592,12391,-2658,61,0.7452799479166666,1.271484375,-0.5262044270833334,0.35931912889072176,0.27019154387447497,0,0
593,12391,-2710,45,0.75244140625,1.2643229166666667,-0.5118815104166667,0.35572697520392527,0.2715606457626952,0,0
594,12391,-2770,51,0.7589518229166666,1.2578125,-0.49886067708333337,0.35063542745066406,0.2748354353201133,0,0
595,12391,-2816,49,0.7646484375,1.2521158854166667,-0.48746744791666674,0.34553761677497874,0.2792496138338528,0,0
596,12391,-2838,41,0.7698567708333334,1.2469075520833333,-0.4770507812499999,0.34099848097941876,0.2807160594254244,0,0
597,12391,-2876,49,0.775390625,1.2413736979166667,-0.46598307291666674,0.3341265591873487,0.28283415509026916,0,0
598,12391,-2904,31,0.7809244791666666,1.23583984375,-0.45491536458333337,0.3292213851679085,0.28485747585575194,0,0
599,12391,-2960,43,0.7849934895833334,1.2317708333333333,-0.4467773437499999,0.32584630107006873,0.28766674734145253,0,0
600,12391,-3006,39,0.7906901041666666,1.22607421875,-0.43538411458333337,0.32222251141715097,0.2907334090988792,0,0
601,12391,-3056,43,0.79736328125,1.2194010416666667,-0.42203776041666674,0.31811753598147896,0.2920465258487407,0,0
602,12391,-3098,43,0.80322265625,1.2135416666666667,-0.41031901041666674,0.312997506134115,0.29569103311279193,0,0
603,12391,-3136,21,0.8082682291666666,1.20849609375,-0.40022786458333337,0.3070519889903957,0.29730918587112026,0,0
604,12391,-3174,13,0.814453125,1.2023111979166667,-0.38785807291666674,0.30081034697380177,0.30003706516699535,0,0
605,12391,-3220,11,0.8199869791666666,1.19677734375,-0.37679036458333337,0.29361131852600164,0.30184225733300274,0,0
606,12391,-3256,-15,0.826171875,1.1905924479166667,-0.36442057291666674,0.289994377438148,0.3035493151613148,0,0
607,12391,-3280,-7,0.8328450520833334,1.1839192708333333,-0.3510742187499999,0.28557081905620946,0.3046301647532455,0,0
608,12391,-3326,-11,0.8395182291666666,1.17724609375,-0.33772786458333337,0.28089073192549024,0.3083428676403438,0,0
609,12391,-3384,-7,0.84619140625,1.1705729166666667,-0.32438151041666674,0.27395350257786955,0.3130537991793643,0,0
610,12391,-3432,-9,0.8525390625,1.1642252604166667,-0.31168619791666674,0.26399018751999814,0.3155357199456979,0,0
611,12391,-3466,-21,0.8595377604166666,1.1572265625,-0.29768880208333337,0.2584272138563713,0.31854210514383735,0,0
612,12391,-3510,-31,0.8660481770833334,1.1507161458333333,-0.2846679687499999,0.255600328127583,0.32045437304046936,0,0
613,12391,-3546,-39,0.8712565104166666,1.1455078125,-0.27425130208333337,0.24983060137351412,0.32200439997981445,0,0
614,12391,-3578,-29,0.87841796875,1.1383463541666667,-0.25992838541666674,0.24365257346401153,0.32453997312253574,0,0
615,12391,-3604,-37,0.8846028645833334,1.1321614583333333,-0.2475585937499999,0.23824988282911114,0.3260970733427915,0,0
616,12391,-3632,-9,0.8904622395833334,1.1263020833333333,-0.2358398437499999,0.23374052291590008,0.33181510845899287,0,0
617,12391,-3658,-7,0.89697265625,1.1197916666666667,-0.22281901041666674,0.22472857897987797,0.3345923297012673,0,0
618,12391,-3700,19,0.9034830729166666,1.11328125,-0.20979817708333337,0.21617443041119477,0.3387369462589546,0,0
619,12391,-3740,-11,0.9090169270833334,1.1077473958333333,-0.1987304687499999,0.2082906844637107,0.34162178682789496,0,0
620,12391,-3750,-17,0.9138997395833334,1.1028645833333333,-0.1889648437499999,0.2044366786696631,0.3438202419444753,0,0
621,12391,-3776,3,0.9217122395833334,1.0950520833333333,-0.1733398437499999,0.19668649697544438,0.3446822950538479,0,0
622,12391,-3806,3,0.9283854166666666,1.08837890625,-0.15999348958333337,0.18995264727010558,0.3470603670664106,0,0
623,12391,-3830,3,0.9339192708333334,1.0828450520833333,-0.1489257812499999,0.18194307943667318,0.3491276249191068,0,0
624,12391,-3862,-3,0.9412434895833334,1.0755208333333333,-0.1342773437499999,0.17159335813757526,0.351872465310106,0,0
625,12391,-3888,17,0.9469401041666666,1.06982421875,-0.12288411458333337,0.16452447901334433,0.3543108691531596,0,0
626,12391,-3904,37,0.9539388020833334,1.0628255208333333,-0.10888671874999989,0.15740826781267894,0.35705828452441407,0,0
627,12391,-3934,15,0.9596354166666666,1.05712890625,-0.09749348958333337,0.14813405528525628,0.3581235459595274,0,0
628,12391,-3960,19,0.96630859375,1.0504557291666667,-0.08414713541666674,0.14228668417366253,0.3607311946958675,0,0
629,12391,-3982,29,0.9734700520833334,1.0432942708333333,-0.06982421874999989,0.13372370496500177,0.36233961021575484,0,0
630,12391,-3982,17,0.9794921875,1.0372721354166667,-0.05777994791666674,0.127372869448105,0.36222474733431165,0,0
631,12391,-3980,11,0.98486328125,1.0319010416666667,-0.04703776041666674,0.12165838681243119,0.3634344438709193,0,0
632,12391,-3984,23,0.9920247395833334,1.0247395833333333,-0.03271484374999989,0.1162120075870066,0.3626143402366408,0,0
633,12391,-3974,33,0.9988606770833334,1.0179036458333333,-0.01904296874999989,0.10919973062935501,0.36242005135223515,0,0
634,12391,-3966,19,1.0074869791666667,1.00927734375,-0.0017903645833332593,0.10429118151768182,0.3623444555270585,0,0
635,12391,-3968,3,1.0144856770833333,1.0022786458333333,0.01220703125,0.10654504124931209,0.36105364746197943,0,0
636,12391,-3932,3,1.02197265625,0.9947916666666666,0.02718098958333337,0.10967964412330868,0.36004140962342973,0,0
637,12391,-3934,5,1.0284830729166667,0.98828125,0.04020182291666674,0.11886120736853013,0.35946777899072424,0,0
638,12391,-3910,-3,1.0367838541666667,0.97998046875,0.05680338541666674,0.12259019784238735,0.358818179952217,0,0
639,12391,-3892,-23,1.04345703125,0.9733072916666666,0.07014973958333337,0.12777476280230826,0.35633265514585855,0,0
640,12391,-3872,-5,1.05126953125,0.9654947916666666,0.08577473958333337,0.1325213104281398,0.35517528973031703,0,0
641,12391,-3850,9,1.0574544270833333,0.9593098958333334,0.09814453124999989,0.13790393710108412,0.35417770646094454,0,0
642,12391,-3834,-1,1.0631510416666667,0.95361328125,0.10953776041666674,0.14589697747745084,0.3541792067742536,0,0
643,12391,-3810,17,1.0690104166666667,0.94775390625,0.12125651041666674,0.15499855942264684,0.35304767392584024,0,0
644,12391,-3762,29,1.07421875,0.9425455729166666,0.13167317708333337,0.16736544343528645,0.35282275777694067,0,0
645,12391,-3732,41,1.0808919270833333,0.9358723958333334,0.1450195312499999,0.17554869635396003,0.3507390492168547,0,0
646,12391,-3692,21,1.0852864583333333,0.9314778645833334,0.1538085937499999,0.18267702133582386,0.35002075263582016,0,0
647,12391,-3654,15,1.0901692708333333,0.9265950520833334,0.1635742187499999,0.18720064553508017,0.34677634916468125,0,0
648,12391,-3612,13,1.0970052083333333,0.9197591145833334,0.1772460937499999,0.19213237740060177,0.34445336521628944,0,0
649,12391,-3572,21,1.1025390625,0.9142252604166666,0.18831380208333337,0.19782760951757203,0.34380108802448306,0,0
650,12391,-3512,23,1.10888671875,0.9078776041666666,0.20100911458333337,0.20270438021916837,0.3424059363414428,0,0
651,12391,-3474,19,1.1163736979166667,0.900390625,0.21598307291666674,0.21162014021945996,0.33893789283834047,0,0
652,12391,-3430,29,1.1223958333333333,0.8943684895833334,0.2280273437499999,0.219270240390143,0.33779842428265633,0,0
653,12391,-3388,29,1.12841796875,0.8883463541666666,0.24007161458333337,0.22814155553010662,0.3361838003553261,0,0
654,12391,-3336,7,1.1328125,0.8839518229166666,0.24886067708333337,0.23534536622948554,0.334632220907256,0,0
655,12391,-3284,29,1.1385091145833333,0.8782552083333334,0.2602539062499999,0.24049625485753975,0.3330165445565176,0,0
656,12391,-3232,17,1.1468098958333333,0.8699544270833334,0.2768554687499999,0.24787079005043441,0.33020894494504144,0,0
657,12391,-3174,23,1.15283203125,0.8639322916666666,0.28889973958333337,0.25436444080487436,0.3286236415393911,0,0
658,12391,-3134,7,1.1565755208333333,0.8601888020833334,0.2963867187499999,0.2599903033816925,0.3260096625547161,0,0
659,12391,-3084,9,1.1611328125,0.8556315104166666,0.30550130208333337,0.26483674796761014,0.32476226222140064,0,0
660,12391,-3026,5,1.1673177083333333,0.8494466145833334,0.3178710937499999,0.27075783693333105,0.32214307918613844,0,0
661,12391,-2986,21,1.1712239583333333,0.8455403645833334,0.3256835937499999,0.2772566857201881,0.3198871918769451,0,0
662,12391,-2930,29,1.1764322916666667,0.84033203125,0.33610026041666674,0.28308587392837653,0.3187304065615163,0,0
663,12391,-2906,19,1.1824544270833333,0.8343098958333334,0.3481445312499999,0.2881298248803336,0.31736610818228644,0,0
664,12391,-2858,-7,1.1875,0.8292643229166666,0.35823567708333337,0.29366668133672347,0.31667817203942045,0,0
665,12391,-2824,1,1.1930338541666667,0.82373046875,0.36930338541666674,0.2978525427113806,0.3139296713082417,0,0
666,12391,-2758,-9,1.1988932291666667,0.81787109375,0.38102213541666674,0.30284462926004624,0.312408789246349,0,0
667,12391,-2728,-5,1.20361328125,0.8131510416666666,0.39046223958333337,0.30659959207854365,0.30845849852893403,0,0
668,12391,-2680,-11,1.2097981770833333,0.8069661458333334,0.4028320312499999,0.3125737191522916,0.3067229103970047,0,0
669,12391,-2632,-13,1.2146809895833333,0.8020833333333334,0.4125976562499999,0.3182629490306254,0.3040753298503751,0,0
670,12391,-2586,-15,1.2194010416666667,0.79736328125,0.42203776041666674,0.3229125730030372,0.3030766102564215,0,0
671,12391,-2526,-3,1.2236328125,0.7931315104166666,0.43050130208333337,0.329919550129787,0.2986648735922803,0,0
672,12391,-2484,13,1.2272135416666667,0.78955078125,0.43766276041666674,0.334694956299535,0.29809201956175796,0,0
673,12391,-2430,21,1.23193359375,0.7848307291666666,0.44710286458333337,0.339008713778311,0.29468796214532694,0,0
674,12391,-2384,3,1.23681640625,0.7799479166666666,0.45686848958333337,0.3461848185200323,0.29118963273422904,0,0
675,12391,-2364,-9,1.2430013020833333,0.7737630208333334,0.4692382812499999,0.35239283575565944,0.28861570491237265,0,0
676,12391,-2296,7,1.2488606770833333,0.7679036458333334,0.4809570312499999,0.35873048754889725,0.2849342479237771,0,0
677,12391,-2266,7,1.2529296875,0.7638346354166666,0.48909505208333337,0.36375342467396954,0.28382414863639294,0,0
678,12391,-2204,1,1.2574869791666667,0.75927734375,0.49820963541666674,0.3692908366044031,0.28007340747533416,0,0
679,12391,-2164,-21,1.26220703125,0.7545572916666666,0.5076497395833334,0.3734661917894873,0.27778147720570506,0,0
680,12391,-2130,-33,1.2667643229166667,0.75,0.5167643229166667,0.37926084533656734,0.2751033252792474,0,0
681,12391,-2096,-37,1.2711588541666667,0.74560546875,0.5255533854166667,0.3841520834719906,0.2728454251558489,0,0
682,12391,-2020,-21,1.275390625,0.7413736979166666,0.5340169270833334,0.38914253051269704,0.2692502241417101,0,0
683,12391,-1974,3,1.2794596354166667,0.7373046875,0.5421549479166667,0.39558688952483945,0.26752950433161476,0,0
684,12391,-1918,-13,1.2848307291666667,0.73193359375,0.5528971354166667,0.40037551555339296,0.2655651767649043,0,0
685,12391,-1870,-15,1.28955078125,0.7272135416666666,0.5623372395833334,0.40375322858267887,0.2615092199881877,0,0
686,12391,-1804,-37,1.2939453125,0.7228190104166666,0.5711263020833334,0.40806630397604315,0.2584448749460289,0,0
687,12391,-1750,-29,1.298828125,0.7179361979166666,0.5808919270833334,0.4117394149840861,0.2547505198130233,0,0
688,12391,-1702,-47,1.30322265625,0.7135416666666666,0.5896809895833334,0.41444573186337197,0.2532277380039262,0,0
689,12391,-1688,-57,1.306640625,0.7101236979166666,0.5965169270833334,0.419642163932777,0.24994674755612922,0,0
690,12391,-1632,-71,1.31103515625,0.7057291666666666,0.6053059895833334,0.4230197576112319,0.24428298101132442,0,0
691,12391,-1606,-83,1.314453125,0.7023111979166666,0.6121419270833334,0.42540750793422777,0.2424669304337112,0,0
692,12391,-1536,-87,1.3180338541666667,0.69873046875,0.6193033854166667,0.4286755122182699,0.2389624164040356,0,0
693,12391,-1484,-71,1.322265625,0.6944986979166666,0.6277669270833334,0.4319072095177189,0.23691293976309258,0,0
694,12391,-1424,-69,1.3269856770833333,0.6897786458333334,0.6372070312499999,0.4350775415146384,0.23203818983112565,0,0
695,12391,-1382,-55,1.3299153645833333,0.6868489583333334,0.6430664062499999,0.43725936153274747,0.23211898564976371,0,0
696,12391,-1332,-53,1.3347981770833333,0.6819661458333334,0.6528320312499999,0.44112599666338587,0.2300991430041523,0,0
697,12391,-1292,-59,1.3387044270833333,0.6780598958333334,0.6606445312499999,0.4452680694469164,0.22708013949021108,0,0
698,12391,-1236,-63,1.3411458333333333,0.6756184895833334,0.6655273437499999,0.4475427222085376,0.2207679643964655,0,0
699,12391,-1200,-61,1.3450520833333333,0.6717122395833334,0.6733398437499999,0.44920496517816216,0.2188943253415185,0,0
700,12391,-1130,-83,1.3463541666666667,0.67041015625,0.6759440104166667,0.4509498266632259,0.21646045774968417,0,0
701,12391,-1062,-81,1.3489583333333333,0.6678059895833334,0.6811523437499999,0.45217939193256956,0.2118824311988177,0,0
702,12391,-1000,-93,1.3527018229166667,0.6640625,0.6886393229166667,0.4522899994455998,0.2128692131572699,0,0
703,12391,-952,-101,1.3551432291666667,0.66162109375,0.6935221354166667,0.45375024768935296,0.20946129855485107,0,0
704,12391,-908,-121,1.35791015625,0.6588541666666666,0.6990559895833334,0.455359625473962,0.2074661745997336,0,0
705,12391,-854,-133,1.3626302083333333,0.6541341145833334,0.7084960937499999,0.4563143063379892,0.20556202048776134,0,0
706,12391,-802,-115,1.3660481770833333,0.6507161458333334,0.7153320312499999,0.4572205008023008,0.20477390759748987,0,0
707,12391,-768,-117,1.3689778645833333,0.6477864583333334,0.7211914062499999,0.4584359755762754,0.20322390654857897,0,0
708,12391,-722,-117,1.37255859375,0.6442057291666666,0.7283528645833334,0.4613454707644437,0.20062857417986482,0,0
709,12391,-676,-99,1.3761393229166667,0.640625,0.7355143229166667,0.4624473609926195,0.19494495259544778,0,0
710,12391,-624,-87,1.37890625,0.6378580729166666,0.7410481770833334,0.4621471060266519,0.19280669377477683,0,0
711,12391,-544,-77,1.38232421875,0.6344401041666666,0.7478841145833334,0.4610146613822489,0.19140676119386912,0,0
712,12391,-512,-85,1.3857421875,0.6310221354166666,0.7547200520833334,0.461624576093059,0.1883765119084164,0,0
713,12391,-446,-89,1.3888346354166667,0.6279296875,0.7609049479166667,0.4621200464503908,0.18448646790904685,0,0
714,12391,-396,-101,1.3929036458333333,0.6238606770833334,0.7690429687499999,0.4615270439032835,0.18410300231296062,0,0
715,12391,-326,-99,1.3953450520833333,0.6214192708333334,0.7739257812499999,0.4623148400487459,0.18242635327129508,0,0
716,12391,-258,-137,1.39892578125,0.6178385416666666,0.7810872395833334,0.46178979194633,0.180833393691715,0,0
717,12391,-182,-121,1.4015299479166667,0.615234375,0.7862955729166667,0.4607976082722272,0.18046911467172913,0,0
718,12391,-138,-107,1.4051106770833333,0.6116536458333334,0.7934570312499999,0.4604582579568738,0.1788753602415737,0,0
719,12391,-88,-65,1.4088541666666667,0.60791015625,0.8009440104166667,0.46008604251700047,0.1762775151111481,0,0
720,12391,-36,-59,1.4114583333333333,0.6053059895833334,0.8061523437499999,0.4604636895306497,0.17711111801707968,0,0
721,12391,30,-61,1.41552734375,0.6012369791666666,0.8142903645833334,0.4592944234842842,0.17878775231796262,0,0
722,12391,74,-65,1.41796875,0.5987955729166666,0.8191731770833334,0.4592699186687636,0.17623092582072372,0,0
723,12391,138,-55,1.4195963541666667,0.59716796875,0.8224283854166667,0.4594849718829198,0.17835460192607283,0,0
724,12391,188,-69,1.4220377604166667,0.5947265625,0.8273111979166667,0.4572150307004431,0.1799352572543189,0,0
725,12391,250,-67,1.4244791666666667,0.59228515625,0.8321940104166667,0.45493926107346055,0.1734327648105579,0,0
726,12391,300,-57,1.4274088541666667,0.58935546875,0.8380533854166667,0.453055215492767,0.1761375968063051,0,0
727,12391,350,-49,1.4275716145833333,0.5891927083333334,0.8383789062499999,0.4505642055360924,0.17203824204907547,0,0
728,12391,398,-45,1.4298502604166667,0.5869140625,0.8429361979166667,0.4496473775670591,0.17493541765062645,0,0
729,12391,466,-49,1.4303385416666667,0.58642578125,0.8439127604166667,0.4492856892284222,0.17800433604752672,0,0
730,12391,514,-33,1.4285481770833333,0.5882161458333334,0.8403320312499999,0.4479225691744078,0.1856417513971131,0,0
731,12391,574,-45,1.4275716145833333,0.5891927083333334,0.8383789062499999,0.4472632171628329,0.18089430486401564,0,0
732,12391,630,-41,1.4274088541666667,0.58935546875,0.8380533854166667,0.44405879310803703,0.1811664520354884,0,0
733,12391,664,-31,1.4261067708333333,0.5906575520833334,0.8354492187499999,0.4420208928333647,0.18350360738936683,0,0
734,12391,716,-41,1.42431640625,0.5924479166666666,0.8318684895833334,0.43905169931900456,0.18235709391620397,0,0
735,12391,772,-35,1.4217122395833333,0.5950520833333334,0.8266601562499999,0.43523272237839794,0.18035779888941758,0,0
736,12391,840,-29,1.4181315104166667,0.5986328125,0.8194986979166667,0.4332976251735526,0.18181662011538005,0,0
737,12391,896,-19,1.4153645833333333,0.6013997395833334,0.8139648437499999,0.43187825524780094,0.18454772230560515,0,0
738,12391,934,-37,1.4124348958333333,0.6043294270833334,0.8081054687499999,0.42893506063893744,0.1901023092088602,0,0
739,12391,990,-35,1.4103190104166667,0.6064453125,0.8038736979166667,0.42731980752088355,0.19426185534100593,0,0
740,12391,1040,-29,1.4065755208333333,0.6101888020833334,0.7963867187499999,0.4265084210340848,0.18793997990877692,0,0
741,12391,1104,-35,1.40283203125,0.6139322916666666,0.7888997395833334,0.4240325080081121,0.1898540583877146,0,0
742,12391,1142,-49,1.3984375,0.6183268229166666,0.7801106770833334,0.4202615370482335,0.1915213747105503,0,0
743,12391,1184,-31,1.3932291666666667,0.62353515625,0.7696940104166667,0.4170625358409686,0.1902070487440992,0,0
744,12391,1230,-23,1.3880208333333333,0.6287434895833334,0.7592773437499999,0.41216743049901516,0.19287588599336924,0,0
745,12391,1286,-31,1.3831380208333333,0.6336263020833334,0.7495117187499999,0.4091496942001797,0.18934262173593405,0,0
746,12391,1318,-31,1.376953125,0.6398111979166666,0.7371419270833334,0.4088928783105871,0.19381627620594336,0,0
747,12391,1370,-11,1.3701171875,0.6466471354166666,0.7234700520833334,0.40540068744587093,0.19250034247468456,0,0
748,12391,1410,-5,1.36376953125,0.6529947916666666,0.7107747395833334,0.4015699778156004,0.19554004547949466,0,0
749,12391,1472,-7,1.3610026041666667,0.65576171875,0.7052408854166667,0.39955948895245286,0.19730745929878227,0,0
750,12391,1494,-31,1.35546875,0.6612955729166666,0.6941731770833334,0.39690290467015676,0.19871656785937378,0,0
751,12391,1534,-17,1.3512369791666667,0.66552734375,0.6857096354166667,0.39371103456221684,0.20370615006092246,0,0
752,12391,1566,-21,1.3440755208333333,0.6726888020833334,0.6713867187499999,0.39189959676734826,0.20261590553410116,0,0
753,12391,1636,-27,1.33935546875,0.6774088541666666,0.6619466145833334,0.3881933872023478,0.20250329079249846,0,0
754,12391,1662,-23,1.3361002604166667,0.6806640625,0.6554361979166667,0.38450674280251623,0.20469196482523197,0,0
755,12391,1714,-25,1.3310546875,0.6857096354166666,0.6453450520833334,0.38035724134830634,0.2047482400059042,0,0
756,12391,1756,-33,1.32666015625,0.6901041666666666,0.6365559895833334,0.3774032474820738,0.20911214276409054,0,0
757,12391,1808,-11,1.3214518229166667,0.6953125,0.6261393229166667,0.3743892093379418,0.21154722801623327,0,0
758,12391,1820,-11,1.3173828125,0.6993815104166666,0.6180013020833334,0.37095650510623934,0.21636597944628244,0,0
759,12391,1872,11,1.3128255208333333,0.7039388020833334,0.6088867187499999,0.3683991744043143,0.21793323110973173,0,0
760,12391,1904,7,1.3072916666666667,0.70947265625,0.5978190104166667,0.36562564887249976,0.22025007734075663,0,0
761,12391,1944,21,1.3019205729166667,0.71484375,0.5870768229166667,0.36330967697312433,0.2235709121752102,0,0
762,12391,1984,7,1.29541015625,0.7213541666666666,0.5740559895833334,0.3603512753251751,0.22380364835828895,0,0
763,12391,2030,27,1.2902018229166667,0.7265625,0.5636393229166667,0.3562398502964065,0.22310743093951393,0,0
764,12391,2066,27,1.2843424479166667,0.732421875,0.5519205729166667,0.35162905131076183,0.22627964832933464,0,0
765,12391,2108,39,1.27734375,0.7394205729166666,0.5379231770833334,0.3471515576959094,0.22769869477977295,0,0
766,12391,2144,29,1.2711588541666667,0.74560546875,0.5255533854166667,0.34447560650333175,0.2322532721211662,0,0
767,12391,2192,17,1.2657877604166667,0.7509765625,0.5148111979166667,0.34180431555969104,0.23292922730476914,0,0
768,12391,2224,11,1.26123046875,0.7555338541666666,0.5056966145833334,0.33855100144091815,0.2362436070304838,0,0
769,12391,2282,17,1.2568359375,0.7599283854166666,0.49690755208333337,0.3341078454864952,0.23475918649499433,0,0
770,12391,2324,3,1.2521158854166667,0.7646484375,0.48746744791666674,0.3303627245991421,0.23801629117146156,0,0
771,12391,2356,5,1.2469075520833333,0.7698567708333334,0.4770507812499999,0.3276298076373035,0.2423402059790865,0,0
772,12391,2386,19,1.2399088541666667,0.77685546875,0.46305338541666674,0.3240568376340561,0.2435404178671996,0,0
773,12391,2420,19,1.2337239583333333,0.7830403645833334,0.4506835937499999,0.31965476623515626,0.24176344449954718,0,0
774,12391,2474,-15,1.2288411458333333,0.7879231770833334,0.4409179687499999,0.31730277962021897,0.2462168136989726,0,0
775,12391,2514,-27,1.2229817708333333,0.7937825520833334,0.4291992187499999,0.31364407429703545,0.2497712134460288,0,0
776,12391,2532,-43,1.2176106770833333,0.7991536458333334,0.4184570312499999,0.30798321268806866,0.2552820697133218,0,0
777,12391,2566,-3,1.2138671875,0.8028971354166666,0.41097005208333337,0.3006148974057308,0.25389548658828065,0,0
778,12391,2584,-5,1.20947265625,0.8072916666666666,0.40218098958333337,0.2964511679163174,0.2593989762833867,0,0
779,12391,2620,9,1.2044270833333333,0.8123372395833334,0.3920898437499999,0.29337697564794973,0.2617076791534658,0,0
780,12391,2652,27,1.1979166666666667,0.81884765625,0.37906901041666674,0.29185558751102575,0.26605860797615466,0,0
781,12391,2692,53,1.1920572916666667,0.82470703125,0.36735026041666674,0.28864150301030705,0.2665028779344275,0,0
782,12391,2720,55,1.1866861979166667,0.830078125,0.35660807291666674,0.2867027360937363,0.26727389392479367,0,0
783,12391,2762,47,1.1805013020833333,0.8362630208333334,0.3442382812499999,0.2835625557346596,0.2671199959007223,0,0
784,12391,2790,35,1.1730143229166667,0.84375,0.32926432291666674,0.28003465134456923,0.2688518304544654,0,0
785,12391,2828,39,1.1663411458333333,0.8504231770833334,0.3159179687499999,0.27379825899955845,0.2706249506575165,0,0
786,12391,2852,33,1.1599934895833333,0.8567708333333334,0.3032226562499999,0.2661790675142484,0.27290049989740855,0,0
787,12391,2892,43,1.1544596354166667,0.8623046875,0.29215494791666674,0.2635777488571645,0.27334669363499675,0,0
788,12391,2926,39,1.1492513020833333,0.8675130208333334,0.2817382812499999,0.2580204227005738,0.27492025991525065,0,0
789,12391,2970,39,1.1427408854166667,0.8740234375,0.26871744791666674,0.2530187506298274,0.27731216319233065,0,0
790,12391,2976,33,1.1378580729166667,0.87890625,0.25895182291666674,0.25058029360890083,0.279416218366561,0,0
791,12391,2990,55,1.1331380208333333,0.8836263020833334,0.2495117187499999,0.2460072160492393,0.2833593871120027,0,0
792,12391,3032,63,1.1271158854166667,0.8896484375,0.23746744791666674,0.24263939104960536,0.2864538736907159,0,0
793,12391,3058,71,1.12255859375,0.8942057291666666,0.22835286458333337,0.24117645663647932,0.28712452787971804,0,0
794,12391,3098,39,1.1165364583333333,0.9002278645833334,0.2163085937499999,0.23253903293219694,0.2871565017520757,0,0
795,12391,3132,33,1.10986328125,0.9069010416666666,0.20296223958333337,0.22570581537541626,0.2909389881772512,0,0
796,12391,3174,19,1.1048177083333333,0.9119466145833334,0.1928710937499999,0.22242416859998437,0.29322594938403795,0,0
797,12391,3204,3,1.09814453125,0.9186197916666666,0.17952473958333337,0.2185504720294039,0.29668825314167735,0,0
798,12391,3232,-1,1.091796875,0.9249674479166666,0.16682942708333337,0.213684216746784,0.29915984291907743,0,0
799,12391,3260,9,1.0856119791666667,0.93115234375,0.15445963541666674,0.20892610697526712,0.3015666753755535,0,0
800,12391,3290,21,1.080078125,0.9366861979166666,0.14339192708333337,0.2011375294154119,0.3042327261700498,0,0
